workout_name,date,exercise_name,sets,total_reps,avg_weight_per_rep,max_weight_per_rep,total_weight,one_rm_found,one_rm_estimated,one_rm_estimated_from_set_weight,one_rm_estimated_from_set_reps,training_id,record_id,error
260206 Strength C - Complimentary,2026-03-03,Dynamic Shoulder Circles,1,0,0.0,0.0,0.0,25.8,0.0,0.0,0,437668,2927037,
260206 Strength C - Complimentary,2026-03-03,Half-Kneeling Modified Rainbow,2,0,0.0,0.0,0.0,25.8,0.0,0.0,0,437668,2927037,
260206 Strength C - Complimentary,2026-03-03,Standing Dual-Handle Chest Press,3,36,16.0,17.0,576.0,25.8,23.8,17.0,12,437668,2927037,
260206 Strength C - Complimentary,2026-03-03,Kneeling Bent-Over Overhead Curl,3,36,9.181,10.0,330.5,25.8,14.0,10.0,12,437668,2927037,
260206 Strength C - Complimentary,2026-03-03,Seated Barbell Good Morning,3,24,57.333,60.0,1376.0,25.8,76.0,60.0,8,437668,2927037,
260206 Strength C - Complimentary,2026-03-03,Bent-Over Dual-Handle underhand Triceps kickback,3,30,7.167,7.5,215.0,25.8,10.0,7.5,10,437668,2927037,
260206 Strength C - Complimentary,2026-03-03,​Half-Kneeling Single-Arm Preacher Curl​,6,48,12.667,14.5,608.0,25.8,18.367,14.5,8,437668,2927037,
260206 Strength C - Complimentary,2026-03-03,Diamond Push-Up,3,0,0.0,0.0,0.0,25.8,0.0,0.0,0,437668,2927037,
Core Basics,2026-03-01,Mat Lying Toe Taps,1,0,0.0,0.0,0.0,,0.0,0.0,0,843518,2913925,
Core Basics,2026-03-01,Mat Shoulder Bridg,1,0,0.0,0.0,0.0,,0.0,0.0,0,843518,2913925,
Core Basics,2026-03-01,Mat Knee Pressure,1,0,0.0,0.0,0.0,,0.0,0.0,0,843518,2913925,
Core Basics,2026-03-01,Supine Leg Scissors,1,0,0.0,0.0,0.0,,0.0,0.0,0,843518,2913925,
Core Basics,2026-03-01,High Adductor Stretch,1,0,0.0,0.0,0.0,,0.0,0.0,0,843518,2913925,
Core Basics,2026-03-01,Parallel Press,1,0,0.0,0.0,0.0,,0.0,0.0,0,843518,2913925,
Core Basics,2026-03-01,Lying Straight Down,1,0,0.0,0.0,0.0,,0.0,0.0,0,843518,2913925,
Core Basics,2026-03-01,Lying Side Arm,1,0,0.0,0.0,0.0,,0.0,0.0,0,843518,2913925,
Core Basics,2026-03-01,The Hundred Prep,1,0,0.0,0.0,0.0,,0.0,0.0,0,843518,2913925,
Core Basics,2026-03-01,Abdominal Stretch,1,0,0.0,0.0,0.0,,0.0,0.0,0,843518,2913925,
Core Basics,2026-03-01,Child Pose,1,0,0.0,0.0,0.0,,0.0,0.0,0,843518,2913925,
260213 Run strenght A,2026-03-01,Dynamic Hamstring Stretch,1,0,0.0,0.0,0.0,116.9,0.0,0.0,0,435255,2913880,
260213 Run strenght A,2026-03-01,Seated 90/90 Stretch,1,0,0.0,0.0,0.0,116.9,0.0,0.0,0,435255,2913880,
260213 Run strenght A,2026-03-01,Barbell Romanian Deadlift,4,32,82.0,90.0,2624.0,116.9,114.0,90.0,8,435255,2913880,
260213 Run strenght A,2026-03-01,Barbell Bulgarian Split Squat,6,48,28.5,30.0,1368.0,116.9,38.0,30.0,8,435255,2913880,
260213 Run strenght A,2026-03-01,​Bodyweight Reverse Plank March,3,0,0.0,0.0,0.0,116.9,0.0,0.0,0,435255,2913880,
260213 Run strenght A,2026-03-01,Half Kneeling Single-Arm Row,6,72,22.667,24.0,1632.0,116.9,33.6,24.0,12,435255,2913880,
260213 Run strenght A,2026-03-01,Assisted Bent Knee Calf Raise,3,0,0.0,0.0,0.0,116.9,0.0,0.0,0,435255,2913880,
260213 Run strenght A,2026-03-01,Leg Curl Cross-Flatbench,4,40,11.0,11.0,440.0,116.9,14.667,11.0,10,435255,2913880,
30 Minutes HIIT Rowing Workout,2026-02-27,,,,,,,,,,,840820,2904289,Empty detail for training_id=840820 (attempt 3)
260213 Run strength B,2026-02-26,The World's Greatest Stretch​,2,0,0.0,0.0,0.0,1.0,0.0,0.0,0,432183,2897061,
260213 Run strength B,2026-02-26,In-place Inchworm,1,0,0.0,0.0,0.0,1.0,0.0,0.0,0,432183,2897061,
260213 Run strength B,2026-02-26,Barbell Squat,4,32,70.0,70.0,2240.0,1.0,88.667,70.0,8,432183,2897061,
260213 Run strength B,2026-02-26,Handle Lateral Split Squat,6,72,45.833,46.0,3300.0,1.0,64.4,46.0,12,432183,2897061,
260213 Run strength B,2026-02-26,Standing Dual-Handle Reverse-Grip Lateral Raise,3,24,7.271,7.5,174.5,1.0,9.5,7.5,8,432183,2897061,
260213 Run strength B,2026-02-26,V-ups,3,0,0.0,0.0,0.0,1.0,0.0,0.0,0,432183,2897061,
260213 Run strength B,2026-02-26,Bent-Over Dual-Handle Reverse Fly,3,36,5.0,5.0,180.0,1.0,7.0,5.0,12,432183,2897061,
260213 Run strength B,2026-02-26,Barbell Single-Leg Hip Thrust,4,60,26.867,41.0,1612.0,1.0,61.5,41.0,15,432183,2897061,
Aaron’s Biceps Day Workout,2026-02-25,Biceps Stretch,4,0,0.0,0.0,0.0,16.4,0.0,0.0,0,838278,2894216,
Aaron’s Biceps Day Workout,2026-02-25,Seated Single-Arm Concentration Curl,6,48,14.0,14.0,672.0,16.4,17.733,14.0,8,838278,2894216,
Aaron’s Biceps Day Workout,2026-02-25,Seated Incline Dual-Handle Biceps Curl,3,24,11.667,12.0,280.0,16.4,15.2,12.0,8,838278,2894216,
Aaron’s Biceps Day Workout,2026-02-25,Dual-Handle Alternating Biceps Curl,3,24,14.333,15.0,344.0,16.4,19.0,15.0,8,838278,2894216,
Aaron’s Biceps Day Workout,2026-02-25,Standing Tricep Rope Hammer Curl,3,24,23.333,26.0,560.0,16.4,32.933,26.0,8,838278,2894216,
Aaron’s Biceps Day Workout,2026-02-25,Standing Barbell Biceps Curl,3,24,26.083,28.0,626.0,16.4,35.467,28.0,8,838278,2894216,
260213 Run strenght A,2026-02-24,Dynamic Hamstring Stretch,2,0,0.0,0.0,0.0,90.9,0.0,0.0,0,430008,2885410,
260213 Run strenght A,2026-02-24,Seated 90/90 Stretch,2,0,0.0,0.0,0.0,90.9,0.0,0.0,0,430008,2885410,
260213 Run strenght A,2026-02-24,Barbell Romanian Deadlift,4,33,70.0,70.0,2310.0,90.9,91.0,70.0,9,430008,2885410,
260213 Run strenght A,2026-02-24,Barbell Bulgarian Split Squat,6,46,23.435,27.0,1078.0,90.9,34.2,27.0,8,430008,2885410,
260213 Run strenght A,2026-02-24,​Bodyweight Reverse Plank March,3,0,0.0,0.0,0.0,90.9,0.0,0.0,0,430008,2885410,
260213 Run strenght A,2026-02-24,Half Kneeling Single-Arm Row,6,72,16.5,20.0,1188.0,90.9,28.0,20.0,12,430008,2885410,
260213 Run strenght A,2026-02-24,Assisted Bent Knee Calf Raise,3,0,0.0,0.0,0.0,90.9,0.0,0.0,0,430008,2885410,
260213 Run strenght A,2026-02-24,Leg Curl Cross-Flatbench,4,40,10.0,10.0,400.0,90.9,13.333,10.0,10,430008,2885410,
260213 Run strength B,2026-02-22,The World's Greatest Stretch​,2,0,0.0,0.0,0.0,90.9,0.0,0.0,0,428202,2875250,
260213 Run strength B,2026-02-22,In-place Inchworm,1,0,0.0,0.0,0.0,90.9,0.0,0.0,0,428202,2875250,
260213 Run strength B,2026-02-22,Barbell Squat,4,32,70.0,70.0,2240.0,90.9,88.667,70.0,8,428202,2875250,
260213 Run strength B,2026-02-22,Handle Lateral Split Squat,6,36,48.667,50.0,1752.0,90.9,70.0,50.0,12,428202,2875250,
260213 Run strength B,2026-02-22,Standing Dual-Handle Reverse-Grip Lateral Raise,5,24,5.333,6.0,128.0,90.9,7.6,6.0,8,428202,2875250,
260213 Run strength B,2026-02-22,V-ups,3,0,0.0,0.0,0.0,90.9,0.0,0.0,0,428202,2875250,
260213 Run strength B,2026-02-22,Bent-Over Dual-Handle Reverse Fly,3,36,5.0,5.0,180.0,90.9,7.0,5.0,12,428202,2875250,
260213 Run strength B,2026-02-22,Barbell Single-Leg Hip Thrust,4,12,51.0,51.0,612.0,90.9,71.4,51.0,12,428202,2875250,
260206 Strength C - Complimentary,2026-02-21,Dynamic Shoulder Circles,1,0,0.0,0.0,0.0,47.0,0.0,0.0,0,427071,2868455,
260206 Strength C - Complimentary,2026-02-21,Half-Kneeling Modified Rainbow,2,0,0.0,0.0,0.0,47.0,0.0,0.0,0,427071,2868455,
260206 Strength C - Complimentary,2026-02-21,Standing Barbell Chest Press,3,36,29.583,31.0,1065.0,47.0,43.4,31.0,12,427071,2868455,
260206 Strength C - Complimentary,2026-02-21,Seated Barbell Good Morning,3,24,52.292,54.0,1255.0,47.0,68.4,54.0,8,427071,2868455,
260206 Strength C - Complimentary,2026-02-21,Kneeling Bent-Over Overhead Curl,3,36,8.167,9.0,294.0,47.0,12.6,9.0,12,427071,2868455,
260206 Strength C - Complimentary,2026-02-21,Bent-Over Dual-Handle underhand Triceps kickback,3,30,7.0,7.0,210.0,47.0,9.333,7.0,10,427071,2868455,
260206 Strength C - Complimentary,2026-02-21,​Half-Kneeling Single-Arm Preacher Curl​,6,48,11.104,11.5,533.0,47.0,14.567,11.5,8,427071,2868455,
260206 Strength C - Complimentary,2026-02-21,Diamond Push-Up,3,0,0.0,0.0,0.0,47.0,0.0,0.0,0,427071,2868455,
Oksana & Carrot's Yoga Workout: Spinal Health,2026-02-17,,,,,,,,,,,825093,2845990,Empty detail for training_id=825093 (attempt 3)
260213 Run strenght A,2026-02-17,Dynamic Hamstring Stretch,2,0,0.0,0.0,0.0,118.8,0.0,0.0,0,423017,2845923,
260213 Run strenght A,2026-02-17,Seated 90/90 Stretch,2,0,0.0,0.0,0.0,118.8,0.0,0.0,0,423017,2845923,
260213 Run strenght A,2026-02-17,Barbell Romanian Deadlift,4,32,91.0,91.0,2912.0,118.8,115.267,91.0,8,423017,2845923,
260213 Run strenght A,2026-02-17,Barbell Bulgarian Split Squat,6,0,0.0,0.0,0.0,118.8,0.0,0.0,0,423017,2845923,
260213 Run strenght A,2026-02-17,​Bodyweight Reverse Plank March,3,0,0.0,0.0,0.0,118.8,0.0,0.0,0,423017,2845923,
260213 Run strenght A,2026-02-17,Half Kneeling Single-Arm Row,6,0,0.0,0.0,0.0,118.8,0.0,0.0,0,423017,2845923,
260213 Run strenght A,2026-02-17,Assisted Bent Knee Calf Raise,3,0,0.0,0.0,0.0,118.8,0.0,0.0,0,423017,2845923,
260213 Run strenght A,2026-02-17,Leg Curl Cross-Flatbench,4,0,0.0,0.0,0.0,118.8,0.0,0.0,0,423017,2845923,
Epic Chest 2,2026-02-15,Bent Over T-Raise,1,0,0.0,0.0,0.0,46.2,0.0,0.0,0,822606,2836785,
Epic Chest 2,2026-02-15,Standing Cable External Rotation,2,40,3.5,3.5,140.0,46.2,5.833,3.5,20,822606,2836785,
Epic Chest 2,2026-02-15,Barbell Bench Press,4,45,29.244,32.0,1316.0,46.2,42.0,30.0,12,822606,2836785,
Epic Chest 2,2026-02-15,Standing Dual-Handle Chest Press,3,30,13.65,18.0,409.5,46.2,22.8,18.0,8,822606,2836785,
Epic Chest 2,2026-02-15,Decline Push-Up,3,0,0.0,0.0,0.0,46.2,0.0,0.0,0,822606,2836785,
Epic Chest 2,2026-02-15,Standing Dual-Handle High-to-Low Chest Fly,3,37,8.23,9.0,304.5,46.2,12.0,9.0,10,822606,2836785,
Epic Chest 2,2026-02-15,Bench Push-Up,3,0,0.0,0.0,0.0,46.2,0.0,0.0,0,822606,2836785,
Epic Chest 2,2026-02-15,Chest Stretch,4,0,0.0,0.0,0.0,46.2,0.0,0.0,0,822606,2836785,
Run strenght A 251222,2026-02-13,The World's Greatest Stretch​,2,0,0.0,0.0,0.0,111.8,0.0,0.0,0,419235,2824052,
Run strenght A 251222,2026-02-13,In-place Inchworm,1,0,0.0,0.0,0.0,111.8,0.0,0.0,0,419235,2824052,
Run strenght A 251222,2026-02-13,Aerobic Skiing (bent arms),1,0,0.0,0.0,0.0,111.8,0.0,0.0,0,419235,2824052,
Run strenght A 251222,2026-02-13,Barbell Stiff-Leg Deadlift,4,32,86.0,86.0,2752.0,111.8,108.933,86.0,8,419235,2824052,
Run strenght A 251222,2026-02-13,Barbell Alternating Reverse Lunge,4,64,29.5,32.0,1888.0,111.8,49.067,32.0,16,419235,2824052,
Run strenght A 251222,2026-02-13,Laying Straight Leg Figure Eight,4,0,0.0,0.0,0.0,111.8,0.0,0.0,0,419235,2824052,
Run strenght A 251222,2026-02-13,Dual-Handle Single-Leg Romanian Deadlift,6,48,24.667,26.0,1184.0,111.8,32.933,26.0,8,419235,2824052,
Run strenght A 251222,2026-02-13,Seated Dual-Handle Low to High Chest Fly,3,30,8.5,8.5,255.0,111.8,11.333,8.5,10,419235,2824052,
Run strenght A 251222,2026-02-13,Leg Curl Cross-Flatbench,6,48,9.333,9.5,448.0,111.8,12.033,9.5,8,419235,2824052,
Run strenght A 251222,2026-02-13,Standing Barbell Calf Raise,2,20,58.0,58.0,1160.0,111.8,77.333,58.0,10,419235,2824052,
Run strenght A 251222,2026-02-13,Pogo Jumps,2,0,0.0,0.0,0.0,111.8,0.0,0.0,0,419235,2824052,
260206 Strength C - Complimentary,2026-02-10,Dynamic Shoulder Circles,1,0,0.0,0.0,0.0,42.4,0.0,0.0,0,416004,2806419,
260206 Strength C - Complimentary,2026-02-10,Half-Kneeling Modified Rainbow,2,0,0.0,0.0,0.0,42.4,0.0,0.0,0,416004,2806419,
260206 Strength C - Complimentary,2026-02-10,Standing Barbell Chest Press,3,36,24.167,28.0,870.0,42.4,39.2,28.0,12,416004,2806419,
260206 Strength C - Complimentary,2026-02-10,Seated Barbell Good Morning,3,24,55.0,55.0,1320.0,42.4,69.667,55.0,8,416004,2806419,
260206 Strength C - Complimentary,2026-02-10,Kneeling Bent-Over Overhead Curl,3,36,6.931,7.0,249.5,42.4,9.8,7.0,12,416004,2806419,
260206 Strength C - Complimentary,2026-02-10,Bent-Over Dual-Handle underhand Triceps kickback,3,30,6.5,7.0,195.0,42.4,9.333,7.0,10,416004,2806419,
260206 Strength C - Complimentary,2026-02-10,​Half-Kneeling Single-Arm Preacher Curl​,6,48,9.958,11.0,478.0,42.4,13.933,11.0,8,416004,2806419,
260206 Strength C - Complimentary,2026-02-10,Diamond Push-Up,3,0,0.0,0.0,0.0,42.4,0.0,0.0,0,416004,2806419,
Run strength B 251222,2026-02-09,Tabletop Thoracic Rotation,2,0,0.0,0.0,0.0,72.3,0.0,0.0,0,415038,2801093,
Run strength B 251222,2026-02-09,Hip-Opening Squat,1,0,0.0,0.0,0.0,72.3,0.0,0.0,0,415038,2801093,
Run strength B 251222,2026-02-09,Aerobic Skiing (bent arms),1,0,0.0,0.0,0.0,72.3,0.0,0.0,0,415038,2801093,
Run strength B 251222,2026-02-09,Belt Squat,4,24,60.0,60.0,1440.0,72.3,72.0,60.0,6,415038,2801093,
Run strength B 251222,2026-02-09,Dumbbell step-up,3,0,0.0,0.0,0.0,72.3,0.0,0.0,0,415038,2801093,
Run strength B 251222,2026-02-09,Incline Dual-Handle Front Raise,3,24,6.042,6.5,145.0,72.3,8.233,6.5,8,415038,2801093,
Run strength B 251222,2026-02-09,Dual-Handle Bent-Over Row,3,18,24.0,24.0,432.0,72.3,28.8,24.0,6,415038,2801093,
Run strength B 251222,2026-02-09,Dual-Handle Straight-Arm Glute Bridge,3,42,9.0,9.0,378.0,72.3,14.1,9.0,17,415038,2801093,
Run strength B 251222,2026-02-09,Alternating V-Ups,3,0,0.0,0.0,0.0,72.3,0.0,0.0,0,415038,2801093,
Run strenght A 251222,2026-02-06,The World's Greatest Stretch​,2,0,0.0,0.0,0.0,111.8,0.0,0.0,0,412033,2783066,
Run strenght A 251222,2026-02-06,In-place Inchworm,1,0,0.0,0.0,0.0,111.8,0.0,0.0,0,412033,2783066,
Run strenght A 251222,2026-02-06,Aerobic Skiing (bent arms),1,0,0.0,0.0,0.0,111.8,0.0,0.0,0,412033,2783066,
Run strenght A 251222,2026-02-06,Barbell Stiff-Leg Deadlift,4,32,86.0,86.0,2752.0,111.8,108.933,86.0,8,412033,2783066,
Run strenght A 251222,2026-02-06,Barbell Alternating Reverse Lunge,4,64,29.5,30.0,1888.0,111.8,46.0,30.0,16,412033,2783066,
Run strenght A 251222,2026-02-06,Laying Straight Leg Figure Eight,4,0,0.0,0.0,0.0,111.8,0.0,0.0,0,412033,2783066,
Run strenght A 251222,2026-02-06,Dual-Handle Single-Leg Romanian Deadlift,6,48,24.0,24.0,1152.0,111.8,30.4,24.0,8,412033,2783066,
Run strenght A 251222,2026-02-06,Seated Dual-Handle Low to High Chest Fly,3,30,8.5,8.5,255.0,111.8,11.333,8.5,10,412033,2783066,
Run strenght A 251222,2026-02-06,Leg Curl Cross-Flatbench,6,48,8.833,9.5,424.0,111.8,12.033,9.5,8,412033,2783066,
Run strenght A 251222,2026-02-06,Standing Barbell Calf Raise,2,20,57.5,58.0,1150.0,111.8,77.333,58.0,10,412033,2783066,
Run strenght A 251222,2026-02-06,Pogo Jumps,2,0,0.0,0.0,0.0,111.8,0.0,0.0,0,412033,2783066,
Superset Arms Day,2026-02-04,Single-Arm Circles,2,0,0.0,0.0,0.0,20.0,0.0,0.0,0,805052,2772205,
Superset Arms Day,2026-02-04,Backward Facing Wrist Stretch,1,0,0.0,0.0,0.0,20.0,0.0,0.0,0,805052,2772205,
Superset Arms Day,2026-02-04,Standing Y Raise,1,0,0.0,0.0,0.0,20.0,0.0,0.0,0,805052,2772205,
Superset Arms Day,2026-02-04,Dual-Handle Alternating Biceps Curl,3,30,13.333,15.0,400.0,20.0,19.0,15.0,8,805052,2772205,
Superset Arms Day,2026-02-04,Standing Dual-Handle Biceps Curl,3,30,11.867,13.0,356.0,20.0,16.467,13.0,8,805052,2772205,
Superset Arms Day,2026-02-04,Supine Barbell Triceps Extension,3,30,14.133,16.0,424.0,20.0,20.267,16.0,8,805052,2772205,
Superset Arms Day,2026-02-04,Barbell Narrow Grip Bench Press,3,30,28.333,32.0,850.0,20.0,40.533,32.0,8,805052,2772205,
Superset Arms Day,2026-02-04,Standing Barbell Overhand Biceps Curl,3,30,19.367,22.0,581.0,20.0,30.8,22.0,12,805052,2772205,
Superset Arms Day,2026-02-04,Standing Tricep Rope Hammer Curl,3,30,17.133,19.0,514.0,20.0,24.067,19.0,8,805052,2772205,
Superset Arms Day,2026-02-04,Biceps Stretch,2,0,0.0,0.0,0.0,20.0,0.0,0.0,0,805052,2772205,
Superset Arms Day,2026-02-04,Half-Kneeling Overhead Triceps Stretch,2,0,0.0,0.0,0.0,20.0,0.0,0.0,0,805052,2772205,
Run strength B 251222,2026-02-03,Tabletop Thoracic Rotation,2,0,0.0,0.0,0.0,72.3,0.0,0.0,0,408798,2764626,
Run strength B 251222,2026-02-03,Hip-Opening Squat,1,0,0.0,0.0,0.0,72.3,0.0,0.0,0,408798,2764626,
Run strength B 251222,2026-02-03,Aerobic Skiing (bent arms),1,0,0.0,0.0,0.0,72.3,0.0,0.0,0,408798,2764626,
Run strength B 251222,2026-02-03,Belt Squat,4,24,60.0,60.0,1440.0,72.3,72.0,60.0,6,408798,2764626,
Run strength B 251222,2026-02-03,Dumbbell step-up,3,0,0.0,0.0,0.0,72.3,0.0,0.0,0,408798,2764626,
Run strength B 251222,2026-02-03,Incline Dual-Handle Front Raise,3,24,6.438,6.5,154.5,72.3,8.233,6.5,8,408798,2764626,
Run strength B 251222,2026-02-03,Dual-Handle Bent-Over Row,3,18,23.0,23.0,414.0,72.3,27.6,23.0,6,408798,2764626,
Run strength B 251222,2026-02-03,Dual-Handle Straight-Arm Glute Bridge,3,20,7.25,8.0,145.0,72.3,10.667,8.0,10,408798,2764626,
Run strength B 251222,2026-02-03,Alternating V-Ups,3,0,0.0,0.0,0.0,72.3,0.0,0.0,0,408798,2764626,
Run strenght A 251222,2026-01-30,The World's Greatest Stretch​,2,0,0.0,0.0,0.0,111.8,0.0,0.0,0,405016,2741576,
Run strenght A 251222,2026-01-30,In-place Inchworm,1,0,0.0,0.0,0.0,111.8,0.0,0.0,0,405016,2741576,
Run strenght A 251222,2026-01-30,Aerobic Skiing (bent arms),1,0,0.0,0.0,0.0,111.8,0.0,0.0,0,405016,2741576,
Run strenght A 251222,2026-01-30,Barbell Stiff-Leg Deadlift,4,32,86.0,86.0,2752.0,111.8,108.933,86.0,8,405016,2741576,
Run strenght A 251222,2026-01-30,Barbell Alternating Reverse Lunge,4,64,31.0,38.0,1984.0,111.8,58.267,38.0,16,405016,2741576,
Run strenght A 251222,2026-01-30,Laying Straight Leg Figure Eight,4,0,0.0,0.0,0.0,111.8,0.0,0.0,0,405016,2741576,
Run strenght A 251222,2026-01-30,Dual-Handle Single-Leg Romanian Deadlift,6,48,23.667,24.0,1136.0,111.8,30.4,24.0,8,405016,2741576,
Run strenght A 251222,2026-01-30,Seated Dual-Handle Low to High Chest Fly,3,30,7.833,8.0,235.0,111.8,10.667,8.0,10,405016,2741576,
Run strenght A 251222,2026-01-30,Leg Curl Cross-Flatbench,6,48,7.812,8.0,375.0,111.8,10.133,8.0,8,405016,2741576,
Run strenght A 251222,2026-01-30,Standing Barbell Calf Raise,2,20,57.0,57.0,1140.0,111.8,76.0,57.0,10,405016,2741576,
Run strenght A 251222,2026-01-30,Pogo Jumps,2,0,0.0,0.0,0.0,111.8,0.0,0.0,0,405016,2741576,
Ambitious Arms 1,2026-01-27,Single-Arm Circles,2,0,0.0,0.0,0.0,37.3,0.0,0.0,0,791630,2723790,
Ambitious Arms 1,2026-01-27,Backward Facing Wrist Stretch,1,0,0.0,0.0,0.0,37.3,0.0,0.0,0,791630,2723790,
Ambitious Arms 1,2026-01-27,Standing Barbell Biceps Curl,4,45,22.778,24.0,1025.0,37.3,33.6,24.0,12,791630,2723790,
Ambitious Arms 1,2026-01-27,Standing Dual-Handle Biceps Curl,3,37,10.865,12.0,402.0,37.3,16.0,12.0,10,791630,2723790,
Ambitious Arms 1,2026-01-27,Bent-Over Dual-Handle Triceps Extension（Floor）,3,30,7.167,7.5,215.0,37.3,10.0,7.5,10,791630,2723790,
Ambitious Arms 1,2026-01-27,Standing Tricep Rope Hammer Curl,3,37,15.459,17.0,572.0,37.3,22.667,17.0,10,791630,2723790,
Ambitious Arms 1,2026-01-27,Standing Tricep Rope Overhead Triceps Extension (Main Frame),3,30,12.767,14.0,383.0,37.3,18.667,14.0,10,791630,2723790,
Ambitious Arms 1,2026-01-27,Biceps Stretch,2,0,0.0,0.0,0.0,37.3,0.0,0.0,0,791630,2723790,
Ambitious Arms 1,2026-01-27,Half-Kneeling Overhead Triceps Stretch,2,0,0.0,0.0,0.0,37.3,0.0,0.0,0,791630,2723790,
Run strength B 251222,2026-01-26,Tabletop Thoracic Rotation,2,0,0.0,0.0,0.0,72.3,0.0,0.0,0,401434,2721228,
Run strength B 251222,2026-01-26,Hip-Opening Squat,1,0,0.0,0.0,0.0,72.3,0.0,0.0,0,401434,2721228,
Run strength B 251222,2026-01-26,Aerobic Skiing (bent arms),1,0,0.0,0.0,0.0,72.3,0.0,0.0,0,401434,2721228,
Run strength B 251222,2026-01-26,Belt Squat,4,25,56.2,60.0,1405.0,72.3,72.0,60.0,6,401434,2721228,
Run strength B 251222,2026-01-26,Handle Lateral Split Squat,6,49,48.0,48.0,2352.0,72.3,62.4,48.0,9,401434,2721228,
Run strength B 251222,2026-01-26,Incline Dual-Handle Front Raise,3,24,6.438,6.5,154.5,72.3,8.233,6.5,8,401434,2721228,
Run strength B 251222,2026-01-26,Dual-Handle Bent-Over Row,3,18,23.222,27.0,418.0,72.3,32.4,27.0,6,401434,2721228,
Run strength B 251222,2026-01-26,Dual-Handle Straight-Arm Glute Bridge,3,28,7.429,8.0,208.0,72.3,10.933,8.0,11,401434,2721228,
Run strength B 251222,2026-01-26,Alternating V-Ups,3,0,0.0,0.0,0.0,72.3,0.0,0.0,0,401434,2721228,
Run strenght A 251222,2026-01-22,The World's Greatest Stretch​,2,0,0.0,0.0,0.0,111.8,0.0,0.0,0,397307,2696091,
Run strenght A 251222,2026-01-22,In-place Inchworm,1,0,0.0,0.0,0.0,111.8,0.0,0.0,0,397307,2696091,
Run strenght A 251222,2026-01-22,Aerobic Skiing (bent arms),1,0,0.0,0.0,0.0,111.8,0.0,0.0,0,397307,2696091,
Run strenght A 251222,2026-01-22,Barbell Stiff-Leg Deadlift,4,16,95.0,95.0,1520.0,111.8,107.667,95.0,4,397307,2696091,
Run strenght A 251222,2026-01-22,Barbell Zercher Split Squat,6,36,57.0,57.0,2052.0,111.8,68.4,57.0,6,397307,2696091,
Run strenght A 251222,2026-01-22,Laying Straight Leg Figure Eight,3,0,0.0,0.0,0.0,111.8,0.0,0.0,0,397307,2696091,
Run strenght A 251222,2026-01-22,Dual-Handle Single-Leg Romanian Deadlift,6,32,22.5,23.0,720.0,111.8,29.133,23.0,8,397307,2696091,
Run strenght A 251222,2026-01-22,Seated Dual-Handle Low to High Chest Fly,3,20,7.575,9.0,151.5,111.8,12.0,9.0,10,397307,2696091,
Run strenght A 251222,2026-01-22,Standing Barbell Calf Raise,2,0,0.0,0.0,0.0,111.8,0.0,0.0,0,397307,2696091,
Run strenght A 251222,2026-01-22,Pogo Jumps,2,0,0.0,0.0,0.0,111.8,0.0,0.0,0,397307,2696091,
"Chest, Shoulders, Arms Push-Pull Training",2026-01-11,Bent Over T-Raise,1,0,0.0,0.0,0.0,46.2,0.0,0.0,0,764222,2627552,
"Chest, Shoulders, Arms Push-Pull Training",2026-01-11,Standing Cable External Rotation,2,24,4.0,5.0,96.0,46.2,7.0,5.0,12,764222,2627552,
"Chest, Shoulders, Arms Push-Pull Training",2026-01-11,Barbell Bench Press,5,58,29.034,31.0,1684.0,46.2,43.4,31.0,12,764222,2627552,
"Chest, Shoulders, Arms Push-Pull Training",2026-01-11,Seated Barbell Shoulder Press,4,44,15.705,17.0,691.0,46.2,23.8,17.0,12,764222,2627552,
"Chest, Shoulders, Arms Push-Pull Training",2026-01-11,Barbell Narrow Grip Bench Press,4,48,24.729,28.0,1187.0,46.2,39.2,28.0,12,764222,2627552,
"Chest, Shoulders, Arms Push-Pull Training",2026-01-11,Seated Dual-Handle Lateral Raise,4,57,3.5,3.5,199.5,46.2,5.25,3.5,15,764222,2627552,
"Chest, Shoulders, Arms Push-Pull Training",2026-01-11,Standing Dual-Handle Chest Fly,4,61,10.131,10.5,618.0,46.2,15.75,10.5,15,764222,2627552,
"Chest, Shoulders, Arms Push-Pull Training",2026-01-11,Standing Tricep Rope Triceps Pushdown,4,60,13.875,15.0,832.5,46.2,22.5,15.0,15,764222,2627552,
"Chest, Shoulders, Arms Push-Pull Training",2026-01-11,Chest Stretch,2,0,0.0,0.0,0.0,46.2,0.0,0.0,0,764222,2627552,
"Chest, Shoulders, Arms Push-Pull Training",2026-01-11,Lateral Deltoid Stretch,2,0,0.0,0.0,0.0,46.2,0.0,0.0,0,764222,2627552,
"Chest, Shoulders, Arms Push-Pull Training",2026-01-11,Triceps Stretch,2,0,0.0,0.0,0.0,46.2,0.0,0.0,0,764222,2627552,
Run strength B 251222,2026-01-09,Tabletop Thoracic Rotation,2,0,0.0,0.0,0.0,66.3,0.0,0.0,0,383699,2617752,
Run strength B 251222,2026-01-09,Hip-Opening Squat,1,0,0.0,0.0,0.0,66.3,0.0,0.0,0,383699,2617752,
Run strength B 251222,2026-01-09,Aerobic Skiing (bent arms),1,0,0.0,0.0,0.0,66.3,0.0,0.0,0,383699,2617752,
Run strength B 251222,2026-01-09,Belt Squat,4,30,52.667,55.0,1580.0,66.3,69.667,55.0,8,383699,2617752,
Run strength B 251222,2026-01-09,Handle Lateral Split Squat,6,42,45.0,48.0,1890.0,66.3,59.2,48.0,7,383699,2617752,
Run strength B 251222,2026-01-09,Incline Dual-Handle Front Raise,3,24,6.458,6.5,155.0,66.3,8.233,6.5,8,383699,2617752,
Run strength B 251222,2026-01-09,Dual-Handle Bent-Over Row,3,19,23.474,27.0,446.0,66.3,32.4,27.0,6,383699,2617752,
Run strength B 251222,2026-01-09,Dual-Handle Straight-Arm Glute Bridge,3,16,7.438,8.0,119.0,66.3,10.133,8.0,8,383699,2617752,
Run strength B 251222,2026-01-09,Alternating V-Ups,3,0,0.0,0.0,0.0,66.3,0.0,0.0,0,383699,2617752,
Power Upper Chest Delts Triceps Advanced,2026-01-04,Standing Cable External Rotation,2,30,3.5,3.5,105.0,49.3,5.25,3.5,15,753963,2592198,
Power Upper Chest Delts Triceps Advanced,2026-01-04,Single-Arm Rotator Cuff Internal Rotation,2,30,4.5,4.5,135.0,49.3,6.75,4.5,15,753963,2592198,
Power Upper Chest Delts Triceps Advanced,2026-01-04,Incline Barbell Bench Press,4,55,24.291,31.0,1336.0,49.3,42.0,28.0,15,753963,2592198,
Power Upper Chest Delts Triceps Advanced,2026-01-04,Seated Barbell Shoulder Press,3,45,13.222,16.0,595.0,49.3,24.0,16.0,15,753963,2592198,
Power Upper Chest Delts Triceps Advanced,2026-01-04,Supine Barbell Triceps Extension,3,45,11.0,12.0,495.0,49.3,18.0,12.0,15,753963,2592198,
Power Upper Chest Delts Triceps Advanced,2026-01-04,Dual Handle Alternating Bench Press,3,24,12.625,15.0,303.0,49.3,19.0,15.0,8,753963,2592198,
Power Upper Chest Delts Triceps Advanced,2026-01-04,Seated Dual-Handle Front Raise,3,45,4.333,4.5,195.0,49.3,6.75,4.5,15,753963,2592198,
Power Upper Chest Delts Triceps Advanced,2026-01-04,Bent-Over Dual-Handle Triceps Extension（Floor）,3,45,5.889,8.0,265.0,49.3,12.0,8.0,15,753963,2592198,
Power Upper Chest Delts Triceps Advanced,2026-01-04,Chest Stretch,2,0,0.0,0.0,0.0,49.3,0.0,0.0,0,753963,2592198,
Power Upper Chest Delts Triceps Advanced,2026-01-04,Triceps Stretch,2,0,0.0,0.0,0.0,49.3,0.0,0.0,0,753963,2592198,
The Burn Lane：V.R. Row,2026-01-04,,,,,,,,,,,753844,2591840,Empty detail for training_id=753844 (attempt 3)
Run strenght A 251222,2026-01-03,The World's Greatest Stretch​,2,0,0.0,0.0,0.0,129.9,0.0,0.0,0,378515,2587403,
Run strenght A 251222,2026-01-03,In-place Inchworm,1,0,0.0,0.0,0.0,129.9,0.0,0.0,0,378515,2587403,
Run strenght A 251222,2026-01-03,Aerobic Skiing (bent arms),1,0,0.0,0.0,0.0,129.9,0.0,0.0,0,378515,2587403,
Run strenght A 251222,2026-01-03,Barbell Stiff-Leg Deadlift,4,16,97.25,100.0,1556.0,129.9,113.333,100.0,4,378515,2587403,
Run strenght A 251222,2026-01-03,Barbell Zercher Split Squat,6,36,55.0,55.0,1980.0,129.9,66.0,55.0,6,378515,2587403,
Run strenght A 251222,2026-01-03,Laying Straight Leg Figure Eight,3,0,0.0,0.0,0.0,129.9,0.0,0.0,0,378515,2587403,
Run strenght A 251222,2026-01-03,Dual-Handle Single-Leg Romanian Deadlift,6,48,21.0,22.0,1008.0,129.9,27.867,22.0,8,378515,2587403,
Run strenght A 251222,2026-01-03,Seated Dual-Handle Low to High Chest Fly,3,30,7.333,7.5,220.0,129.9,10.0,7.5,10,378515,2587403,
Run strenght A 251222,2026-01-03,Standing Barbell Calf Raise,2,20,53.5,57.0,1070.0,129.9,76.0,57.0,10,378515,2587403,
Run strenght A 251222,2026-01-03,Pogo Jumps,2,0,0.0,0.0,0.0,129.9,0.0,0.0,0,378515,2587403,
Run strength B 251222,2025-12-29,Tabletop Thoracic Rotation,2,0,0.0,0.0,0.0,60.2,0.0,0.0,0,374805,2565579,
Run strength B 251222,2025-12-29,Hip-Opening Squat,1,0,0.0,0.0,0.0,60.2,0.0,0.0,0,374805,2565579,
Run strength B 251222,2025-12-29,Aerobic Rowing,1,0,0.0,0.0,0.0,60.2,0.0,0.0,0,374805,2565579,
Run strength B 251222,2025-12-29,Belt Squat,4,24,44.292,64.0,1063.0,60.2,76.8,64.0,6,374805,2565579,
Run strength B 251222,2025-12-29,Handle Lateral Split Squat,6,39,38.692,41.0,1509.0,60.2,50.567,41.0,7,374805,2565579,
Run strength B 251222,2025-12-29,Incline Dual-Handle Front Raise,3,24,5.167,6.5,124.0,60.2,8.233,6.5,8,374805,2565579,
Run strength B 251222,2025-12-29,Dual-Handle Bent-Over Row,3,18,22.0,22.0,396.0,60.2,26.4,22.0,6,374805,2565579,
Run strength B 251222,2025-12-29,Belt Hip Thrust,3,36,75.167,77.0,2706.0,60.2,107.8,77.0,12,374805,2565579,
Run strength B 251222,2025-12-29,Alternating V-Ups,3,0,0.0,0.0,0.0,60.2,0.0,0.0,0,374805,2565579,
Run strenght A 251222,2025-12-27,Barbell Stiff-Leg Deadlift,4,16,76.75,80.0,1228.0,110.5,90.667,80.0,4,373773,2559348,
Run strenght A 251222,2025-12-27,Barbell Zercher Split Squat,6,36,50.833,55.0,1830.0,110.5,66.0,55.0,6,373773,2559348,
Run strenght A 251222,2025-12-27,Laying Straight Leg Figure Eight,3,0,0.0,0.0,0.0,110.5,0.0,0.0,0,373773,2559348,
Run strenght A 251222,2025-12-27,Dual-Handle Single-Leg Romanian Deadlift,6,50,19.12,23.0,956.0,110.5,29.133,23.0,8,373773,2559348,
Run strenght A 251222,2025-12-27,Seated Dual-Handle Low to High Chest Fly,3,30,6.633,8.0,199.0,110.5,10.667,8.0,10,373773,2559348,
Run strenght A 251222,2025-12-27,Standing Barbell Calf Raise,2,20,48.5,50.0,970.0,110.5,66.667,50.0,10,373773,2559348,
Run strenght A 251222,2025-12-27,Pogo Jumps,2,0,0.0,0.0,0.0,110.5,0.0,0.0,0,373773,2559348,
Base & Engine #2（skiing ver.）,2025-12-16,Aerobic Skiing (bent arms),6,0,0.0,0.0,0.0,,0.0,0.0,0,731913,2515398,
Base & Engine #2（skiing ver.）,2025-12-16,Dynamic Lateral Child's Pose,1,0,0.0,0.0,0.0,,0.0,0.0,0,731913,2515398,
Base & Engine #2（skiing ver.）,2025-12-16,Dynamic Knee Tuck to Wide Alternating Leg Forward Fold,1,0,0.0,0.0,0.0,,0.0,0.0,0,731913,2515398,
Base & Engine #2（skiing ver.）,2025-12-16,Supine Hamstring Stretch,2,0,0.0,0.0,0.0,,0.0,0.0,0,731913,2515398,
Base & Engine #2（skiing ver.）,2025-12-16,Superman Cobra,1,0,0.0,0.0,0.0,,0.0,0.0,0,731913,2515398,
Base & Engine #2（skiing ver.）,2025-12-16,Forward and Reverse Bear Crawl,1,0,0.0,0.0,0.0,,0.0,0.0,0,731913,2515398,
Base & Engine #2（skiing ver.）,2025-12-16,Plank,1,0,0.0,0.0,0.0,,0.0,0.0,0,731913,2515398,
Base & Engine #2（skiing ver.）,2025-12-16,Prone Alternating Arm Raises,1,0,0.0,0.0,0.0,,0.0,0.0,0,731913,2515398,
Base & Engine #2（skiing ver.）,2025-12-16,Side Hover Rotation,2,0,0.0,0.0,0.0,,0.0,0.0,0,731913,2515398,
Base & Engine #2（skiing ver.）,2025-12-16,Supported Leg Circles,2,0,0.0,0.0,0.0,,0.0,0.0,0,731913,2515398,
Base & Engine #2（skiing ver.）,2025-12-16,Kneeling Back Stretch,1,0,0.0,0.0,0.0,,0.0,0.0,0,731913,2515398,
Base & Engine #2（skiing ver.）,2025-12-16,Glutes Stretch,2,0,0.0,0.0,0.0,,0.0,0.0,0,731913,2515398,
Base & Engine #2（skiing ver.）,2025-12-16,Kneeling Hip Flexor Stretch,2,0,0.0,0.0,0.0,,0.0,0.0,0,731913,2515398,
A3. Power & acceleration (lower focus),2025-12-13,Aerobic Skiing (bent arms),4,0,0.0,0.0,0.0,83.6,0.0,0.0,0,364350,2501725,
A3. Power & acceleration (lower focus),2025-12-13,Rolling Shrugs,1,0,0.0,0.0,0.0,83.6,0.0,0.0,0,364350,2501725,
A3. Power & acceleration (lower focus),2025-12-13,Shoulder Stretch,2,0,0.0,0.0,0.0,83.6,0.0,0.0,0,364350,2501725,
A3. Power & acceleration (lower focus),2025-12-13,Pulse Squat to Alternating Hip Abduction,1,0,0.0,0.0,0.0,83.6,0.0,0.0,0,364350,2501725,
A3. Power & acceleration (lower focus),2025-12-13,Barbell Front Squat,4,16,60.75,61.0,972.0,83.6,69.133,61.0,4,364350,2501725,
A3. Power & acceleration (lower focus),2025-12-13,Dumbbell jump squat,4,0,0.0,0.0,0.0,83.6,0.0,0.0,0,364350,2501725,
A3. Power & acceleration (lower focus),2025-12-13,Barbell Reverse Lunge,6,72,40.0,40.0,2880.0,83.6,56.0,40.0,12,364350,2501725,
A3. Power & acceleration (lower focus),2025-12-13,Barbell Romanian Deadlift,3,18,95.0,95.0,1710.0,83.6,114.0,95.0,6,364350,2501725,
A3. Power & acceleration (lower focus),2025-12-13,Seated High To Low Wood Chop,6,36,17.667,19.0,636.0,83.6,22.8,19.0,6,364350,2501725,
A3. Power & acceleration (lower focus),2025-12-13,Burpees,3,0,0.0,0.0,0.0,83.6,0.0,0.0,0,364350,2501725,
A3. Power & acceleration (lower focus),2025-12-13,Wall sit,3,0,0.0,0.0,0.0,83.6,0.0,0.0,0,364350,2501725,
B3,2025-12-09,Aerobic Skiing (Straight Arms),1,0,0.0,0.0,0.0,24.0,0.0,0.0,0,361347,2483278,
B3,2025-12-09,Bodyweight Alternating Forward Lunges,1,0,0.0,0.0,0.0,24.0,0.0,0.0,0,361347,2483278,
B3,2025-12-09,Alternating Reverse Lunge,1,0,0.0,0.0,0.0,24.0,0.0,0.0,0,361347,2483278,
B3,2025-12-09,Dynamic Shoulder Circles,1,0,0.0,0.0,0.0,24.0,0.0,0.0,0,361347,2483278,
B3,2025-12-09,Rotator Cuff Stimulation,1,0,0.0,0.0,0.0,24.0,0.0,0.0,0,361347,2483278,
B3,2025-12-09,Dynamic Hamstring Stretch,1,0,0.0,0.0,0.0,24.0,0.0,0.0,0,361347,2483278,
B3,2025-12-09,Kneeling Dual-Handle Chest Press,4,32,16.25,18.0,520.0,24.0,22.8,18.0,8,361347,2483278,
B3,2025-12-09,Incline Tripod Row,6,48,20.667,21.0,992.0,24.0,26.6,21.0,8,361347,2483278,
B3,2025-12-09,Dual-Handle Deadlift,3,24,44.333,45.0,1064.0,24.0,57.0,45.0,8,361347,2483278,
B3,2025-12-09,Single Handle Duck Squat,3,45,43.0,47.0,1935.0,24.0,70.5,47.0,15,361347,2483278,
B3,2025-12-09,Dual-Handle Bulgarian Split Squat,2,16,20.0,20.0,320.0,24.0,25.333,20.0,8,361347,2483278,
B3,2025-12-09,Standing Dual-Handle Toes-In Calf Raise,3,45,24.911,30.0,1121.0,24.0,45.0,30.0,15,361347,2483278,
B3,2025-12-09,Bench Supine Cable Scissor Kick,2,26,5.0,6.0,130.0,24.0,8.6,6.0,13,361347,2483278,
A3. Power & acceleration (lower focus),2025-12-06,Aerobic Skiing (bent arms),4,0,0.0,0.0,0.0,85.1,0.0,0.0,0,359598,2471551,
A3. Power & acceleration (lower focus),2025-12-06,Rolling Shrugs,1,0,0.0,0.0,0.0,85.1,0.0,0.0,0,359598,2471551,
A3. Power & acceleration (lower focus),2025-12-06,Shoulder Stretch,2,0,0.0,0.0,0.0,85.1,0.0,0.0,0,359598,2471551,
A3. Power & acceleration (lower focus),2025-12-06,Pulse Squat to Alternating Hip Abduction,1,0,0.0,0.0,0.0,85.1,0.0,0.0,0,359598,2471551,
A3. Power & acceleration (lower focus),2025-12-06,Barbell Front Squat,4,16,56.25,57.0,900.0,85.1,64.6,57.0,4,359598,2471551,
A3. Power & acceleration (lower focus),2025-12-06,Dumbbell jump squat,4,0,0.0,0.0,0.0,85.1,0.0,0.0,0,359598,2471551,
A3. Power & acceleration (lower focus),2025-12-06,Barbell Reverse Lunge,6,72,40.222,56.0,2896.0,85.1,78.4,56.0,12,359598,2471551,
A3. Power & acceleration (lower focus),2025-12-06,Barbell Romanian Deadlift,3,27,92.074,95.0,2486.0,85.1,142.5,95.0,15,359598,2471551,
A3. Power & acceleration (lower focus),2025-12-06,Seated High To Low Wood Chop,6,36,13.278,16.0,478.0,85.1,19.2,16.0,6,359598,2471551,
A3. Power & acceleration (lower focus),2025-12-06,Burpees,3,0,0.0,0.0,0.0,85.1,0.0,0.0,0,359598,2471551,
A3. Power & acceleration (lower focus),2025-12-06,Wall sit,3,0,0.0,0.0,0.0,85.1,0.0,0.0,0,359598,2471551,
Defined Arms,2025-11-30,Dynamic Shoulder Circles,1,0,0.0,0.0,0.0,37.3,0.0,0.0,0,712777,2445740,
Defined Arms,2025-11-30,Standing Barbell Biceps Curl,4,48,24.104,26.0,1157.0,37.3,36.4,26.0,12,712777,2445740,
Defined Arms,2025-11-30,Barbell Narrow Grip Bench Press,4,48,24.0,24.0,1152.0,37.3,33.6,24.0,12,712777,2445740,
Defined Arms,2025-11-30,Incline Supine Barbell Biceps Curl（Main Frame）,4,48,16.0,19.0,768.0,37.3,26.6,19.0,12,712777,2445740,
Defined Arms,2025-11-30,Standing Barbell Triceps Push Down,4,49,25.245,31.0,1237.0,37.3,43.4,31.0,12,712777,2445740,
Defined Arms,2025-11-30,Biceps Stretch,2,0,0.0,0.0,0.0,37.3,0.0,0.0,0,712777,2445740,
Defined Arms,2025-11-30,Triceps Stretch,2,0,0.0,0.0,0.0,37.3,0.0,0.0,0,712777,2445740,
B3,2025-11-28,Aerobic Skiing (Straight Arms),1,0,0.0,0.0,0.0,20.9,0.0,0.0,0,354002,2437983,
B3,2025-11-28,Bodyweight Alternating Forward Lunges,1,0,0.0,0.0,0.0,20.9,0.0,0.0,0,354002,2437983,
B3,2025-11-28,Alternating Reverse Lunge,1,0,0.0,0.0,0.0,20.9,0.0,0.0,0,354002,2437983,
B3,2025-11-28,Dynamic Shoulder Circles,1,0,0.0,0.0,0.0,20.9,0.0,0.0,0,354002,2437983,
B3,2025-11-28,Rotator Cuff Stimulation,1,0,0.0,0.0,0.0,20.9,0.0,0.0,0,354002,2437983,
B3,2025-11-28,Dynamic Hamstring Stretch,1,0,0.0,0.0,0.0,20.9,0.0,0.0,0,354002,2437983,
B3,2025-11-28,Kneeling Dual-Handle Chest Press,4,33,11.818,14.0,390.0,20.9,18.2,14.0,9,354002,2437983,
B3,2025-11-28,Incline Tripod Row,6,48,18.667,20.0,896.0,20.9,25.333,20.0,8,354002,2437983,
B3,2025-11-28,Dual-Handle Deadlift,3,24,44.0,44.0,1056.0,20.9,55.733,44.0,8,354002,2437983,
B3,2025-11-28,Single Handle Duck Squat,3,36,36.222,46.0,1304.0,20.9,65.933,46.0,13,354002,2437983,
B3,2025-11-28,Dual-Handle Bulgarian Split Squat,2,16,20.0,20.0,320.0,20.9,25.333,20.0,8,354002,2437983,
B3,2025-11-28,Standing Barbell Toes-In Calf Raise,3,37,60.432,70.0,2236.0,20.9,98.0,70.0,12,354002,2437983,
B3,2025-11-28,Bench Supine Cable Scissor Kick,2,25,3.76,4.0,94.0,20.9,5.733,4.0,13,354002,2437983,
A. Power & acceleration (lower focus),2025-11-25,Aerobic Skiing (bent arms),1,0,0.0,0.0,0.0,70.6,0.0,0.0,0,351785,2425292,
A. Power & acceleration (lower focus),2025-11-25,Rolling Shrugs,1,0,0.0,0.0,0.0,70.6,0.0,0.0,0,351785,2425292,
A. Power & acceleration (lower focus),2025-11-25,Shoulder Stretch,2,0,0.0,0.0,0.0,70.6,0.0,0.0,0,351785,2425292,
A. Power & acceleration (lower focus),2025-11-25,Pulse Squat to Alternating Hip Abduction,1,0,0.0,0.0,0.0,70.6,0.0,0.0,0,351785,2425292,
A. Power & acceleration (lower focus),2025-11-25,Barbell Front Squat,4,16,57.25,60.0,916.0,70.6,68.0,60.0,4,351785,2425292,
A. Power & acceleration (lower focus),2025-11-25,Dumbbell jump squat,4,0,0.0,0.0,0.0,70.6,0.0,0.0,0,351785,2425292,
A. Power & acceleration (lower focus),2025-11-25,Barbell Romanian Deadlift,3,18,90.0,90.0,1620.0,70.6,108.0,90.0,6,351785,2425292,
A. Power & acceleration (lower focus),2025-11-25,Dumbbell lunges,4,0,0.0,0.0,0.0,70.6,0.0,0.0,0,351785,2425292,
A. Power & acceleration (lower focus),2025-11-25,Forearm Plank Cable Pull,6,48,21.5,24.0,1032.0,70.6,30.4,24.0,8,351785,2425292,
A. Power & acceleration (lower focus),2025-11-25,Burpees,3,0,0.0,0.0,0.0,70.6,0.0,0.0,0,351785,2425292,
A. Power & acceleration (lower focus),2025-11-25,Dual-Handle Thruster,3,0,0.0,0.0,0.0,70.6,0.0,0.0,0,351785,2425292,
A. Power & acceleration (lower focus),2025-11-25,Mountain Climbers,3,0,0.0,0.0,0.0,70.6,0.0,0.0,0,351785,2425292,
B. Upper power & post. chain,2025-11-21,Aerobic Skiing (Straight Arms),1,0,0.0,0.0,0.0,49.3,0.0,0.0,0,349532,2411098,
B. Upper power & post. chain,2025-11-21,Bodyweight Alternating Forward Lunges,1,0,0.0,0.0,0.0,49.3,0.0,0.0,0,349532,2411098,
B. Upper power & post. chain,2025-11-21,Alternating Reverse Lunge,1,0,0.0,0.0,0.0,49.3,0.0,0.0,0,349532,2411098,
B. Upper power & post. chain,2025-11-21,Dynamic Shoulder Circles,1,0,0.0,0.0,0.0,49.3,0.0,0.0,0,349532,2411098,
B. Upper power & post. chain,2025-11-21,Rotator Cuff Stimulation,1,0,0.0,0.0,0.0,49.3,0.0,0.0,0,349532,2411098,
B. Upper power & post. chain,2025-11-21,Dynamic Hamstring Stretch,1,0,0.0,0.0,0.0,49.3,0.0,0.0,0,349532,2411098,
B. Upper power & post. chain,2025-11-21,Incline Barbell Bench Press,4,32,33.5,37.0,1072.0,49.3,46.867,37.0,8,349532,2411098,
B. Upper power & post. chain,2025-11-21,Barbell Bent Over Row,4,33,49.424,51.0,1631.0,49.3,65.0,50.0,9,349532,2411098,
B. Upper power & post. chain,2025-11-21,Barbell Push Press,4,25,29.92,30.0,748.0,49.3,37.0,30.0,7,349532,2411098,
B. Upper power & post. chain,2025-11-21,Dumbbell snatch,3,0,0.0,0.0,0.0,49.3,0.0,0.0,0,349532,2411098,
B. Upper power & post. chain,2025-11-21,Standing Tricep Rope High-to-Low Woodchops,6,90,24.0,24.0,2160.0,49.3,36.0,24.0,15,349532,2411098,
B. Upper power & post. chain,2025-11-21,Dumbbell swings,3,0,0.0,0.0,0.0,49.3,0.0,0.0,0,349532,2411098,
B. Upper power & post. chain,2025-11-21,Burpees,3,0,0.0,0.0,0.0,49.3,0.0,0.0,0,349532,2411098,
B. Upper power & post. chain,2025-11-21,DB Goblet squat,3,0,0.0,0.0,0.0,49.3,0.0,0.0,0,349532,2411098,
B. Upper power & post. chain,2025-11-21,Aerobic Rowing,3,0,0.0,0.0,0.0,49.3,0.0,0.0,0,349532,2411098,
A. Power & acceleration (lower focus),2025-11-18,Aerobic Skiing (bent arms),1,0,0.0,0.0,0.0,80.0,0.0,0.0,0,346976,2396140,
A. Power & acceleration (lower focus),2025-11-18,Rolling Shrugs,1,0,0.0,0.0,0.0,80.0,0.0,0.0,0,346976,2396140,
A. Power & acceleration (lower focus),2025-11-18,Shoulder Stretch,2,0,0.0,0.0,0.0,80.0,0.0,0.0,0,346976,2396140,
A. Power & acceleration (lower focus),2025-11-18,Pulse Squat to Alternating Hip Abduction,1,0,0.0,0.0,0.0,80.0,0.0,0.0,0,346976,2396140,
A. Power & acceleration (lower focus),2025-11-18,Barbell Front Squat,4,16,62.0,68.0,992.0,80.0,77.067,68.0,4,346976,2396140,
A. Power & acceleration (lower focus),2025-11-18,Dumbbell jump squat,4,0,0.0,0.0,0.0,80.0,0.0,0.0,0,346976,2396140,
A. Power & acceleration (lower focus),2025-11-18,Barbell Romanian Deadlift,3,18,91.0,92.0,1638.0,80.0,110.4,92.0,6,346976,2396140,
A. Power & acceleration (lower focus),2025-11-18,Dumbbell lunges,4,0,0.0,0.0,0.0,80.0,0.0,0.0,0,346976,2396140,
A. Power & acceleration (lower focus),2025-11-18,Forearm Plank Cable Pull,6,48,18.667,19.0,896.0,80.0,24.067,19.0,8,346976,2396140,
A. Power & acceleration (lower focus),2025-11-18,Burpees,3,0,0.0,0.0,0.0,80.0,0.0,0.0,0,346976,2396140,
A. Power & acceleration (lower focus),2025-11-18,Dual-Handle Thruster,3,31,11.0,12.0,341.0,80.0,16.0,12.0,10,346976,2396140,
A. Power & acceleration (lower focus),2025-11-18,Mountain Climbers,3,0,0.0,0.0,0.0,80.0,0.0,0.0,0,346976,2396140,
Upper Back: The Power Triangle,2025-11-16,Single-Arm Circles,2,0,0.0,0.0,0.0,34.5,0.0,0.0,0,696863,2387878,
Upper Back: The Power Triangle,2025-11-16,Bent Over T-Raise,1,0,0.0,0.0,0.0,34.5,0.0,0.0,0,696863,2387878,
Upper Back: The Power Triangle,2025-11-16,Standing Y Raise,1,0,0.0,0.0,0.0,34.5,0.0,0.0,0,696863,2387878,
Upper Back: The Power Triangle,2025-11-16,Bodyweight Plank,1,0,0.0,0.0,0.0,34.5,0.0,0.0,0,696863,2387878,
Upper Back: The Power Triangle,2025-11-16,Bent-Over Barbell Straight Arm Pulldown,3,39,21.231,22.0,828.0,34.5,30.8,22.0,12,696863,2387878,
Upper Back: The Power Triangle,2025-11-16,Seated Barbell Lat Pulldown,4,52,40.904,44.0,2127.0,34.5,66.0,44.0,15,696863,2387878,
Upper Back: The Power Triangle,2025-11-16,Barbell Bent Over Row,4,44,41.455,42.0,1824.0,34.5,57.4,41.0,12,696863,2387878,
Upper Back: The Power Triangle,2025-11-16,Barbell Romanian Deadlift,4,44,78.5,87.0,3454.0,34.5,116.0,87.0,10,696863,2387878,
Upper Back: The Power Triangle,2025-11-16,Bent-Over Barbell Wide Row,3,37,28.838,37.0,1067.0,34.5,49.333,37.0,10,696863,2387878,
Upper Back: The Power Triangle,2025-11-16,Standing Tricep Rope Face Pull (Rear Delts),3,45,16.667,21.0,750.0,34.5,31.5,21.0,15,696863,2387878,
Upper Back: The Power Triangle,2025-11-16,Lat Stretch,2,0,0.0,0.0,0.0,34.5,0.0,0.0,0,696863,2387878,
Upper Back: The Power Triangle,2025-11-16,Shoulder Stretch,2,0,0.0,0.0,0.0,34.5,0.0,0.0,0,696863,2387878,
Defined Arms,2025-11-15,Dynamic Shoulder Circles,1,0,0.0,0.0,0.0,,0.0,0.0,0,696028,2385045,
Defined Arms,2025-11-15,Standing Barbell Biceps Curl,4,0,0.0,0.0,0.0,,0.0,0.0,0,696028,2385045,
Defined Arms,2025-11-15,Barbell Narrow Grip Bench Press,4,0,0.0,0.0,0.0,,0.0,0.0,0,696028,2385045,
Defined Arms,2025-11-15,Incline Supine Barbell Biceps Curl（Main Frame）,4,0,0.0,0.0,0.0,,0.0,0.0,0,696028,2385045,
Defined Arms,2025-11-15,Standing Barbell Triceps Push Down,4,0,0.0,0.0,0.0,,0.0,0.0,0,696028,2385045,
Defined Arms,2025-11-15,Biceps Stretch,2,0,0.0,0.0,0.0,,0.0,0.0,0,696028,2385045,
Defined Arms,2025-11-15,Triceps Stretch,2,0,0.0,0.0,0.0,,0.0,0.0,0,696028,2385045,
Hyrox2 B,2025-11-14,Aerobic Skiing (Straight Arms),1,0,0.0,0.0,0.0,44.0,0.0,0.0,0,344278,2380000,
Hyrox2 B,2025-11-14,Bodyweight Alternating Forward Lunges,1,0,0.0,0.0,0.0,44.0,0.0,0.0,0,344278,2380000,
Hyrox2 B,2025-11-14,Alternating Reverse Lunge,1,0,0.0,0.0,0.0,44.0,0.0,0.0,0,344278,2380000,
Hyrox2 B,2025-11-14,Dynamic Shoulder Circles,1,0,0.0,0.0,0.0,44.0,0.0,0.0,0,344278,2380000,
Hyrox2 B,2025-11-14,Rotator Cuff Stimulation,1,0,0.0,0.0,0.0,44.0,0.0,0.0,0,344278,2380000,
Hyrox2 B,2025-11-14,Dynamic Hamstring Stretch,1,0,0.0,0.0,0.0,44.0,0.0,0.0,0,344278,2380000,
Hyrox2 B,2025-11-14,Incline Barbell Bench Press,4,32,32.25,33.0,1032.0,44.0,41.8,33.0,8,344278,2380000,
Hyrox2 B,2025-11-14,Barbell Bent Over Row,4,32,46.969,50.0,1503.0,44.0,63.333,50.0,8,344278,2380000,
Hyrox2 B,2025-11-14,Barbell Push Press,4,24,30.0,30.0,720.0,44.0,36.0,30.0,6,344278,2380000,
Hyrox2 B,2025-11-14,Dumbbell snatch,3,0,0.0,0.0,0.0,44.0,0.0,0.0,0,344278,2380000,
Hyrox2 B,2025-11-14,Standing Tricep Rope High-to-Low Woodchops,6,90,23.0,23.0,2070.0,44.0,34.5,23.0,15,344278,2380000,
Hyrox2 B,2025-11-14,Dumbbell swings,3,0,0.0,0.0,0.0,44.0,0.0,0.0,0,344278,2380000,
Hyrox2 B,2025-11-14,Burpees,3,0,0.0,0.0,0.0,44.0,0.0,0.0,0,344278,2380000,
Hyrox2 B,2025-11-14,DB Goblet squat,3,0,0.0,0.0,0.0,44.0,0.0,0.0,0,344278,2380000,
Hyrox2 B,2025-11-14,Aerobic Rowing,3,0,0.0,0.0,0.0,44.0,0.0,0.0,0,344278,2380000,
Hyrox2 A,2025-11-10,Aerobic Skiing (bent arms),1,0,0.0,0.0,0.0,80.0,0.0,0.0,0,341395,2363270,
Hyrox2 A,2025-11-10,Rolling Shrugs,1,0,0.0,0.0,0.0,80.0,0.0,0.0,0,341395,2363270,
Hyrox2 A,2025-11-10,Shoulder Stretch,2,0,0.0,0.0,0.0,80.0,0.0,0.0,0,341395,2363270,
Hyrox2 A,2025-11-10,Pulse Squat to Alternating Hip Abduction,1,0,0.0,0.0,0.0,80.0,0.0,0.0,0,341395,2363270,
Hyrox2 A,2025-11-10,Barbell Front Squat,4,17,58.824,60.0,1000.0,80.0,68.0,60.0,4,341395,2363270,
Hyrox2 A,2025-11-10,Dumbbell jump squat,4,0,0.0,0.0,0.0,80.0,0.0,0.0,0,341395,2363270,
Hyrox2 A,2025-11-10,Barbell Romanian Deadlift,3,13,88.231,95.0,1147.0,80.0,117.167,95.0,7,341395,2363270,
Hyrox2 A,2025-11-10,Dumbbell lunges,4,0,0.0,0.0,0.0,80.0,0.0,0.0,0,341395,2363270,
Hyrox2 A,2025-11-10,Forearm Plank Cable Pull,6,0,0.0,0.0,0.0,80.0,0.0,0.0,0,341395,2363270,
Hyrox2 A,2025-11-10,Burpees,3,0,0.0,0.0,0.0,80.0,0.0,0.0,0,341395,2363270,
Hyrox2 A,2025-11-10,Dual-Handle Thruster,3,0,0.0,0.0,0.0,80.0,0.0,0.0,0,341395,2363270,
Hyrox2 A,2025-11-10,Mountain Climbers,3,0,0.0,0.0,0.0,80.0,0.0,0.0,0,341395,2363270,
Hyrox2 C,2025-11-09,Straight-Arm Cross Swings,1,0,0.0,0.0,0.0,71.2,0.0,0.0,0,340895,2360014,
Hyrox2 C,2025-11-09,Power Knees,1,0,0.0,0.0,0.0,71.2,0.0,0.0,0,340895,2360014,
Hyrox2 C,2025-11-09,Lateral Bear Crawl,1,0,0.0,0.0,0.0,71.2,0.0,0.0,0,340895,2360014,
Hyrox2 C,2025-11-09,Running In Place,1,0,0.0,0.0,0.0,71.2,0.0,0.0,0,340895,2360014,
Hyrox2 C,2025-11-09,Dual-Handle Deadlift,4,32,46.25,47.0,1480.0,71.2,59.533,47.0,8,340895,2360014,
Hyrox2 C,2025-11-09,Belt Bulgarian Split Squat,6,48,29.667,30.0,1424.0,71.2,38.0,30.0,8,340895,2360014,
Hyrox2 C,2025-11-09,Single-Arm Push Press,6,48,15.062,18.0,723.0,71.2,22.8,18.0,8,340895,2360014,
Hyrox2 C,2025-11-09,Dual-Handle Overhead Squat,3,24,16.333,17.0,392.0,71.2,21.533,17.0,8,340895,2360014,
Hyrox2 C,2025-11-09,Cable farmers carry,4,8,0.0,0.0,0.0,71.2,0.0,0.0,0,340895,2360014,
Hyrox2 C,2025-11-09,Dual-Handle Calf Raise,3,45,29.333,30.0,1320.0,71.2,45.0,30.0,15,340895,2360014,
Hyrox2 C,2025-11-09,Jump Lunge With Floor Touch,4,0,0.0,0.0,0.0,71.2,0.0,0.0,0,340895,2360014,
Hyrox2 C,2025-11-09,Dumbbell power clean,4,0,0.0,0.0,0.0,71.2,0.0,0.0,0,340895,2360014,
Hyrox2 B,2025-11-07,Aerobic Skiing (Straight Arms),1,0,0.0,0.0,0.0,42.7,0.0,0.0,0,339618,2352471,
Hyrox2 B,2025-11-07,Bodyweight Alternating Forward Lunges,1,0,0.0,0.0,0.0,42.7,0.0,0.0,0,339618,2352471,
Hyrox2 B,2025-11-07,Alternating Reverse Lunge,1,0,0.0,0.0,0.0,42.7,0.0,0.0,0,339618,2352471,
Hyrox2 B,2025-11-07,Dynamic Shoulder Circles,1,0,0.0,0.0,0.0,42.7,0.0,0.0,0,339618,2352471,
Hyrox2 B,2025-11-07,Rotator Cuff Stimulation,1,0,0.0,0.0,0.0,42.7,0.0,0.0,0,339618,2352471,
Hyrox2 B,2025-11-07,Dynamic Hamstring Stretch,1,0,0.0,0.0,0.0,42.7,0.0,0.0,0,339618,2352471,
Hyrox2 B,2025-11-07,Incline Barbell Bench Press,4,32,32.0,32.0,1024.0,42.7,40.533,32.0,8,339618,2352471,
Hyrox2 B,2025-11-07,Barbell Bent Over Row,4,32,45.0,48.0,1440.0,42.7,60.8,48.0,8,339618,2352471,
Hyrox2 B,2025-11-07,Barbell Push Press,4,24,29.5,30.0,708.0,42.7,36.0,30.0,6,339618,2352471,
Hyrox2 B,2025-11-07,Dumbbell snatch,3,0,0.0,0.0,0.0,42.7,0.0,0.0,0,339618,2352471,
Hyrox2 B,2025-11-07,Standing Tricep Rope High-to-Low Woodchops,6,90,19.333,20.0,1740.0,42.7,30.0,20.0,15,339618,2352471,
Hyrox2 B,2025-11-07,Dumbbell swings,3,0,0.0,0.0,0.0,42.7,0.0,0.0,0,339618,2352471,
Hyrox2 B,2025-11-07,Burpees,3,0,0.0,0.0,0.0,42.7,0.0,0.0,0,339618,2352471,
Hyrox2 B,2025-11-07,DB Goblet squat,3,0,0.0,0.0,0.0,42.7,0.0,0.0,0,339618,2352471,
Hyrox2 B,2025-11-07,Aerobic Rowing,3,0,0.0,0.0,0.0,42.7,0.0,0.0,0,339618,2352471,
Hyrox2 A,2025-11-04,Aerobic Skiing (bent arms),1,0,0.0,0.0,0.0,74.6,0.0,0.0,0,337579,2340474,
Hyrox2 A,2025-11-04,Rolling Shrugs,1,0,0.0,0.0,0.0,74.6,0.0,0.0,0,337579,2340474,
Hyrox2 A,2025-11-04,Shoulder Stretch,2,0,0.0,0.0,0.0,74.6,0.0,0.0,0,337579,2340474,
Hyrox2 A,2025-11-04,Pulse Squat to Alternating Hip Abduction,1,0,0.0,0.0,0.0,74.6,0.0,0.0,0,337579,2340474,
Hyrox2 A,2025-11-04,Barbell Front Squat,4,16,50.25,53.0,804.0,74.6,60.067,53.0,4,337579,2340474,
Hyrox2 A,2025-11-04,Dumbbell jump squat,4,0,0.0,0.0,0.0,74.6,0.0,0.0,0,337579,2340474,
Hyrox2 A,2025-11-04,Barbell Romanian Deadlift,3,18,90.667,91.0,1632.0,74.6,109.2,91.0,6,337579,2340474,
Hyrox2 A,2025-11-04,Dumbbell lunges,4,0,0.0,0.0,0.0,74.6,0.0,0.0,0,337579,2340474,
Hyrox2 A,2025-11-04,Forearm Plank Cable Pull,6,48,16.667,18.0,800.0,74.6,22.8,18.0,8,337579,2340474,
Hyrox2 A,2025-11-04,Burpees,3,0,0.0,0.0,0.0,74.6,0.0,0.0,0,337579,2340474,
Hyrox2 A,2025-11-04,Dual-Handle Thruster,3,30,10.0,10.0,300.0,74.6,13.333,10.0,10,337579,2340474,
Hyrox2 A,2025-11-04,Mountain Climbers,3,0,0.0,0.0,0.0,74.6,0.0,0.0,0,337579,2340474,
Hyrox2 C,2025-11-01,Straight-Arm Cross Swings,1,0,0.0,0.0,0.0,64.4,0.0,0.0,0,335713,2329487,
Hyrox2 C,2025-11-01,Power Knees,1,0,0.0,0.0,0.0,64.4,0.0,0.0,0,335713,2329487,
Hyrox2 C,2025-11-01,Lateral Bear Crawl,1,0,0.0,0.0,0.0,64.4,0.0,0.0,0,335713,2329487,
Hyrox2 C,2025-11-01,Running In Place,1,0,0.0,0.0,0.0,64.4,0.0,0.0,0,335713,2329487,
Hyrox2 C,2025-11-01,Dual-Handle Deadlift,4,32,43.5,47.0,1392.0,64.4,59.533,47.0,8,335713,2329487,
Hyrox2 C,2025-11-01,Belt Bulgarian Split Squat,6,49,26.939,29.0,1320.0,64.4,36.733,29.0,8,335713,2329487,
Hyrox2 C,2025-11-01,Single-Arm Push Press,6,52,11.558,13.0,601.0,64.4,16.9,13.0,9,335713,2329487,
Hyrox2 C,2025-11-01,Dual-Handle Overhead Squat,3,24,15.0,15.0,360.0,64.4,19.0,15.0,8,335713,2329487,
Hyrox2 C,2025-11-01,Cable farmers carry,4,8,0.0,0.0,0.0,64.4,0.0,0.0,0,335713,2329487,
Hyrox2 C,2025-11-01,Dual-Handle Calf Raise,3,45,27.0,28.0,1215.0,64.4,42.0,28.0,15,335713,2329487,
Hyrox2 C,2025-11-01,Jump Lunge With Floor Touch,4,0,0.0,0.0,0.0,64.4,0.0,0.0,0,335713,2329487,
Hyrox2 C,2025-11-01,Dumbbell power clean,4,0,0.0,0.0,0.0,64.4,0.0,0.0,0,335713,2329487,
23 Minute Fat-Burning Rowing Intervals,2025-10-30,,,,,,,,,,,679358,2323717,Empty detail for training_id=679358 (attempt 3)
Free Lift,2025-10-30,,,,,,,,,,,1003446,2323622,Empty detail for training_id=1003446 (attempt 3)
Hyrox2 B,2025-10-30,Aerobic Skiing (Straight Arms),1,0,0.0,0.0,0.0,42.7,0.0,0.0,0,334694,2323589,
Hyrox2 B,2025-10-30,Bodyweight Alternating Forward Lunges,1,0,0.0,0.0,0.0,42.7,0.0,0.0,0,334694,2323589,
Hyrox2 B,2025-10-30,Alternating Reverse Lunge,1,0,0.0,0.0,0.0,42.7,0.0,0.0,0,334694,2323589,
Hyrox2 B,2025-10-30,Dynamic Shoulder Circles,1,0,0.0,0.0,0.0,42.7,0.0,0.0,0,334694,2323589,
Hyrox2 B,2025-10-30,Rotator Cuff Stimulation,1,0,0.0,0.0,0.0,42.7,0.0,0.0,0,334694,2323589,
Hyrox2 B,2025-10-30,Dynamic Hamstring Stretch,1,0,0.0,0.0,0.0,42.7,0.0,0.0,0,334694,2323589,
Hyrox2 B,2025-10-30,Incline Barbell Bench Press,4,32,30.875,36.0,988.0,42.7,45.6,36.0,8,334694,2323589,
Hyrox2 B,2025-10-30,Barbell Bent Over Row,4,32,40.25,41.0,1288.0,42.7,51.933,41.0,8,334694,2323589,
Hyrox2 B,2025-10-30,Barbell Push Press,4,24,24.417,25.0,586.0,42.7,30.0,25.0,6,334694,2323589,
Hyrox2 B,2025-10-30,Dumbbell snatch,1,0,0.0,0.0,0.0,42.7,0.0,0.0,0,334694,2323589,
Hyrox2 B,2025-10-30,Standing Tricep Rope High-to-Low Woodchops,6,90,18.056,19.0,1625.0,42.7,28.5,19.0,15,334694,2323589,
Hyrox2 B,2025-10-30,Dumbbell swings,3,0,0.0,0.0,0.0,42.7,0.0,0.0,0,334694,2323589,
Hyrox2 B,2025-10-30,Burpees,3,0,0.0,0.0,0.0,42.7,0.0,0.0,0,334694,2323589,
Hyrox2 B,2025-10-30,DB Goblet squat,3,0,0.0,0.0,0.0,42.7,0.0,0.0,0,334694,2323589,
Hyrox2 B,2025-10-30,Aerobic Rowing,3,0,0.0,0.0,0.0,42.7,0.0,0.0,0,334694,2323589,
Hyrox2 A,2025-10-29,Aerobic Skiing (bent arms),1,0,0.0,0.0,0.0,58.8,0.0,0.0,0,333882,2319126,
Hyrox2 A,2025-10-29,Rolling Shrugs,1,0,0.0,0.0,0.0,58.8,0.0,0.0,0,333882,2319126,
Hyrox2 A,2025-10-29,Shoulder Stretch,2,0,0.0,0.0,0.0,58.8,0.0,0.0,0,333882,2319126,
Hyrox2 A,2025-10-29,Pulse Squat to Alternating Hip Abduction,1,0,0.0,0.0,0.0,58.8,0.0,0.0,0,333882,2319126,
Hyrox2 A,2025-10-29,Barbell Front Squat,4,16,50.438,57.0,807.0,58.8,64.6,57.0,4,333882,2319126,
Hyrox2 A,2025-10-29,Dumbbell jump squat,4,0,0.0,0.0,0.0,58.8,0.0,0.0,0,333882,2319126,
Hyrox2 A,2025-10-29,Barbell Deadlift,4,18,85.667,86.0,1542.0,58.8,103.2,86.0,6,333882,2319126,
Hyrox2 A,2025-10-29,Dumbbell lunges,4,0,0.0,0.0,0.0,58.8,0.0,0.0,0,333882,2319126,
Hyrox2 A,2025-10-29,Forearm Plank Cable Pull,6,48,10.833,13.0,520.0,58.8,16.467,13.0,8,333882,2319126,
Hyrox2 A,2025-10-29,Burpees,3,0,0.0,0.0,0.0,58.8,0.0,0.0,0,333882,2319126,
Hyrox2 A,2025-10-29,Dual-Handle Thruster,3,30,11.2,16.0,336.0,58.8,21.333,16.0,10,333882,2319126,
Hyrox2 A,2025-10-29,Mountain Climbers,3,0,0.0,0.0,0.0,58.8,0.0,0.0,0,333882,2319126,
Hyrox B,2025-10-24,Aerobic Skiing (Straight Arms),1,0,0.0,0.0,0.0,112.5,0.0,0.0,0,330847,2301804,
Hyrox B,2025-10-24,Bodyweight Alternating Forward Lunges,1,0,0.0,0.0,0.0,112.5,0.0,0.0,0,330847,2301804,
Hyrox B,2025-10-24,Alternating Reverse Lunge,1,0,0.0,0.0,0.0,112.5,0.0,0.0,0,330847,2301804,
Hyrox B,2025-10-24,Dynamic Shoulder Circles,1,0,0.0,0.0,0.0,112.5,0.0,0.0,0,330847,2301804,
Hyrox B,2025-10-24,Rotator Cuff Stimulation,1,0,0.0,0.0,0.0,112.5,0.0,0.0,0,330847,2301804,
Hyrox B,2025-10-24,Dynamic Hamstring Stretch,1,0,0.0,0.0,0.0,112.5,0.0,0.0,0,330847,2301804,
Hyrox B,2025-10-24,Barbell Romanian Deadlift,4,24,90.0,90.0,2160.0,112.5,108.0,90.0,6,330847,2301804,
Hyrox B,2025-10-24,Bent-Over Barbell Wide Row,4,24,37.75,40.0,906.0,112.5,48.0,40.0,6,330847,2301804,
Hyrox B,2025-10-24,Barbell Front Squat,4,24,46.75,49.0,1122.0,112.5,58.8,49.0,6,330847,2301804,
Hyrox B,2025-10-24,Standing Barbell Shoulder Press,4,24,21.75,22.0,522.0,112.5,26.4,22.0,6,330847,2301804,
Hyrox B,2025-10-24,Dumbbell power clean,3,0,0.0,0.0,0.0,112.5,0.0,0.0,0,330847,2301804,
Hyrox B,2025-10-24,Russian Twist,3,0,0.0,0.0,0.0,112.5,0.0,0.0,0,330847,2301804,
Hyrox A,2025-10-21,Aerobic Skiing (bent arms),1,0,0.0,0.0,0.0,90.9,0.0,0.0,0,328875,2291055,
Hyrox A,2025-10-21,Rolling Shrugs,2,0,0.0,0.0,0.0,90.9,0.0,0.0,0,328875,2291055,
Hyrox A,2025-10-21,Shoulder Stretch,2,0,0.0,0.0,0.0,90.9,0.0,0.0,0,328875,2291055,
Hyrox A,2025-10-21,Pulse Squat to Alternating Hip Abduction,2,0,0.0,0.0,0.0,90.9,0.0,0.0,0,328875,2291055,
Hyrox A,2025-10-21,Barbell Squat,4,24,67.5,70.0,1620.0,90.9,84.0,70.0,6,328875,2291055,
Hyrox A,2025-10-21,Barbell Romanian Deadlift,3,24,88.0,88.0,2112.0,90.9,111.467,88.0,8,328875,2291055,
Hyrox A,2025-10-21,Push press,4,0,0.0,0.0,0.0,90.9,0.0,0.0,0,328875,2291055,
Hyrox A,2025-10-21,Kneeling Alternating Lat Pulldown,4,40,19.0,20.0,760.0,90.9,26.667,20.0,10,328875,2291055,
Hyrox A,2025-10-21,Dual-Handle Dead Bug,3,3,8.0,8.0,24.0,90.9,8.267,8.0,1,328875,2291055,
Chest Destroyer,2025-10-20,Single-Arm Circles,2,0,0.0,0.0,0.0,21.0,0.0,0.0,0,670328,2289745,
Chest Destroyer,2025-10-20,Dual Handle Alternating Bench Press,2,20,14.0,14.0,280.0,21.0,18.667,14.0,10,670328,2289745,
Chest Destroyer,2025-10-20,Supine Dual-Handle Chest Fly,2,20,8.35,9.0,167.0,21.0,12.0,9.0,10,670328,2289745,
Chest Destroyer,2025-10-20,Standing Dual-Handle Chest Press,2,24,11.167,12.0,268.0,21.0,17.6,12.0,14,670328,2289745,
Chest Destroyer,2025-10-20,Standing Dual-Handle Chest Fly,2,20,12.0,12.0,240.0,21.0,16.0,12.0,10,670328,2289745,
Chest Destroyer,2025-10-20,Chest Stretch,2,0,0.0,0.0,0.0,21.0,0.0,0.0,0,670328,2289745,
Hyrox B,2025-10-19,Aerobic Skiing (Straight Arms),1,0,0.0,0.0,0.0,118.2,0.0,0.0,0,327922,2285589,
Hyrox B,2025-10-19,Bodyweight Alternating Forward Lunges,1,0,0.0,0.0,0.0,118.2,0.0,0.0,0,327922,2285589,
Hyrox B,2025-10-19,Alternating Reverse Lunge,1,0,0.0,0.0,0.0,118.2,0.0,0.0,0,327922,2285589,
Hyrox B,2025-10-19,Dynamic Shoulder Circles,1,0,0.0,0.0,0.0,118.2,0.0,0.0,0,327922,2285589,
Hyrox B,2025-10-19,Rotator Cuff Stimulation,1,0,0.0,0.0,0.0,118.2,0.0,0.0,0,327922,2285589,
Hyrox B,2025-10-19,Dynamic Hamstring Stretch,1,0,0.0,0.0,0.0,118.2,0.0,0.0,0,327922,2285589,
Hyrox B,2025-10-19,Barbell Romanian Deadlift,4,24,92.5,94.0,2220.0,118.2,112.8,94.0,6,327922,2285589,
Hyrox B,2025-10-19,Bent-Over Barbell Wide Row,4,24,36.0,37.0,864.0,118.2,44.4,37.0,6,327922,2285589,
Hyrox B,2025-10-19,Barbell Front Squat,4,24,44.25,45.0,1062.0,118.2,54.0,45.0,6,327922,2285589,
Hyrox B,2025-10-19,Standing Barbell Shoulder Press,4,25,20.28,21.0,507.0,118.2,25.9,21.0,7,327922,2285589,
Hyrox B,2025-10-19,Dumbbell power clean,3,0,0.0,0.0,0.0,118.2,0.0,0.0,0,327922,2285589,
Hyrox B,2025-10-19,Russian Twist,3,0,0.0,0.0,0.0,118.2,0.0,0.0,0,327922,2285589,
Hyrox B,2025-10-18,Aerobic Skiing (Straight Arms),1,0,0.0,0.0,0.0,,0.0,0.0,0,327162,2280944,
Hyrox B,2025-10-18,Bodyweight Alternating Forward Lunges,1,0,0.0,0.0,0.0,,0.0,0.0,0,327162,2280944,
Hyrox B,2025-10-18,Alternating Reverse Lunge,1,0,0.0,0.0,0.0,,0.0,0.0,0,327162,2280944,
Hyrox B,2025-10-18,Dynamic Shoulder Circles,1,0,0.0,0.0,0.0,,0.0,0.0,0,327162,2280944,
Hyrox B,2025-10-18,Rotator Cuff Stimulation,1,0,0.0,0.0,0.0,,0.0,0.0,0,327162,2280944,
Hyrox B,2025-10-18,Dynamic Hamstring Stretch,1,0,0.0,0.0,0.0,,0.0,0.0,0,327162,2280944,
Hyrox B,2025-10-18,Barbell Romanian Deadlift,4,0,0.0,0.0,0.0,,0.0,0.0,0,327162,2280944,
Hyrox B,2025-10-18,Bent-Over Barbell Wide Row,4,0,0.0,0.0,0.0,,0.0,0.0,0,327162,2280944,
Hyrox B,2025-10-18,Barbell Front Squat,4,0,0.0,0.0,0.0,,0.0,0.0,0,327162,2280944,
Hyrox B,2025-10-18,Standing Barbell Shoulder Press,4,0,0.0,0.0,0.0,,0.0,0.0,0,327162,2280944,
Hyrox B,2025-10-18,Dumbbell power clean,3,0,0.0,0.0,0.0,,0.0,0.0,0,327162,2280944,
Hyrox B,2025-10-18,Russian Twist,3,0,0.0,0.0,0.0,,0.0,0.0,0,327162,2280944,
Sam's Quick Fit: Biceps-Triceps 30x3,2025-10-17,Standing Dual-Handle Biceps Curl,3,30,12.0,12.0,360.0,18.2,16.0,12.0,10,667680,2280078,
Sam's Quick Fit: Biceps-Triceps 30x3,2025-10-17,Incline Bench Spider Curl,3,30,5.8,9.0,174.0,18.2,12.0,9.0,10,667680,2280078,
Sam's Quick Fit: Biceps-Triceps 30x3,2025-10-17,Seated Incline Dual-Handle Biceps Curl,3,30,9.833,10.0,295.0,18.2,13.333,10.0,10,667680,2280078,
Sam's Quick Fit: Biceps-Triceps 30x3,2025-10-17,Standing Tricep Rope Overhead Triceps Extension (Main Frame),3,30,12.767,15.0,383.0,18.2,20.0,15.0,10,667680,2280078,
Sam's Quick Fit: Biceps-Triceps 30x3,2025-10-17,Standing Tricep Rope Triceps Pushdown,3,30,16.0,16.0,480.0,18.2,21.333,16.0,10,667680,2280078,
Sam's Quick Fit: Biceps-Triceps 30x3,2025-10-17,Incline Tricep Rope Triceps Push Down,3,30,14.0,16.0,420.0,18.2,21.333,16.0,10,667680,2280078,
Hyrox C,2025-10-16,Straight-Arm Cross Swings,1,0,0.0,0.0,0.0,68.7,0.0,0.0,0,326099,2274696,
Hyrox C,2025-10-16,Power Knees,1,0,0.0,0.0,0.0,68.7,0.0,0.0,0,326099,2274696,
Hyrox C,2025-10-16,Lateral Bear Crawl,1,0,0.0,0.0,0.0,68.7,0.0,0.0,0,326099,2274696,
Hyrox C,2025-10-16,Running In Place,1,0,0.0,0.0,0.0,68.7,0.0,0.0,0,326099,2274696,
Hyrox C,2025-10-16,Dual-Handle Deadlift,4,25,44.96,46.0,1124.0,68.7,55.2,46.0,6,326099,2274696,
Hyrox C,2025-10-16,Single-Arm Curtsy Lunge,8,96,25.0,25.0,2400.0,68.7,35.0,25.0,12,326099,2274696,
Hyrox C,2025-10-16,Standing Dual-Handle Shoulder Press,4,33,13.0,13.0,429.0,68.7,16.9,13.0,9,326099,2274696,
Hyrox C,2025-10-16,Dual-Handle Overhead Squat,4,32,14.25,15.0,456.0,68.7,19.0,15.0,8,326099,2274696,
Hyrox C,2025-10-16,Dumbbell suitcase carry,8,0,0.0,0.0,0.0,68.7,0.0,0.0,0,326099,2274696,
Hyrox C,2025-10-16,Dual-Handle Calf Raise,4,80,23.0,23.0,1840.0,68.7,38.333,23.0,20,326099,2274696,
Hyrox A,2025-10-14,Aerobic Skiing (bent arms),1,0,0.0,0.0,0.0,76.6,0.0,0.0,0,324823,2267489,
Hyrox A,2025-10-14,Rolling Shrugs,2,0,0.0,0.0,0.0,76.6,0.0,0.0,0,324823,2267489,
Hyrox A,2025-10-14,Shoulder Stretch,2,0,0.0,0.0,0.0,76.6,0.0,0.0,0,324823,2267489,
Hyrox A,2025-10-14,Pulse Squat to Alternating Hip Abduction,2,0,0.0,0.0,0.0,76.6,0.0,0.0,0,324823,2267489,
Hyrox A,2025-10-14,Barbell Squat,4,24,55.5,75.0,1332.0,76.6,90.0,75.0,6,324823,2267489,
Hyrox A,2025-10-14,Barbell Romanian Deadlift,3,24,82.667,88.0,1984.0,76.6,111.467,88.0,8,324823,2267489,
Hyrox A,2025-10-14,Standing Barbell Shoulder Press,4,32,18.75,19.0,600.0,76.6,24.067,19.0,8,324823,2267489,
Hyrox A,2025-10-14,Kneeling Alternating Lat Pulldown,4,40,17.25,18.0,690.0,76.6,24.0,18.0,10,324823,2267489,
Hyrox A,2025-10-14,Push press,1,0,0.0,0.0,0.0,76.6,0.0,0.0,0,324823,2267489,
Hyrox A,2025-10-14,Dual-Handle Dead Bug,3,5,7.7,8.0,38.5,76.6,8.8,8.0,3,324823,2267489,
Arm Yourself,2025-10-11,Punch With Speed,1,0,0.0,0.0,0.0,16.0,0.0,0.0,0,661807,2258069,
Arm Yourself,2025-10-11,Sprinter Arm Swing,1,0,0.0,0.0,0.0,16.0,0.0,0.0,0,661807,2258069,
Arm Yourself,2025-10-11,Standing Single-Arm Biceps Curl（Main Frame）,8,96,9.25,10.0,888.0,16.0,14.0,10.0,12,661807,2258069,
Arm Yourself,2025-10-11,Standing Tricep Rope Triceps Pushdown,4,60,12.5,14.0,750.0,16.0,21.0,14.0,15,661807,2258069,
Arm Yourself,2025-10-11,Standing Tricep Rope Hammer Curl,4,48,14.375,16.0,690.0,16.0,22.4,16.0,12,661807,2258069,
Arm Yourself,2025-10-11,Standing Tricep Rope Overhead Triceps Extension,4,60,10.5,11.0,630.0,16.0,16.5,11.0,15,661807,2258069,
Arm Yourself,2025-10-11,Biceps Stretch,2,0,0.0,0.0,0.0,16.0,0.0,0.0,0,661807,2258069,
Arm Yourself,2025-10-11,Triceps Stretch,2,0,0.0,0.0,0.0,16.0,0.0,0.0,0,661807,2258069,
The Burn Lane：V.R. Row,2025-10-10,,,,,,,,,,,661559,2257135,Empty detail for training_id=661559 (attempt 3)
Hyrox C,2025-10-10,Straight-Arm Cross Swings,1,0,0.0,0.0,0.0,66.1,0.0,0.0,0,323014,2257064,
Hyrox C,2025-10-10,Power Knees,1,0,0.0,0.0,0.0,66.1,0.0,0.0,0,323014,2257064,
Hyrox C,2025-10-10,Lateral Bear Crawl,1,0,0.0,0.0,0.0,66.1,0.0,0.0,0,323014,2257064,
Hyrox C,2025-10-10,Running In Place,1,0,0.0,0.0,0.0,66.1,0.0,0.0,0,323014,2257064,
Hyrox C,2025-10-10,Dual-Handle Deadlift,4,26,40.346,44.0,1049.0,66.1,54.267,44.0,7,323014,2257064,
Hyrox C,2025-10-10,Single-Arm Curtsy Lunge,8,97,22.897,25.0,2221.0,66.1,35.0,25.0,12,323014,2257064,
Hyrox C,2025-10-10,Standing Dual-Handle Shoulder Press,4,33,11.242,12.0,371.0,66.1,15.2,12.0,8,323014,2257064,
Hyrox C,2025-10-10,Dual-Handle Overhead Squat,4,32,12.75,15.0,408.0,66.1,19.0,15.0,8,323014,2257064,
Hyrox C,2025-10-10,Dumbbell suitcase carry,8,0,0.0,0.0,0.0,66.1,0.0,0.0,0,323014,2257064,
Hyrox C,2025-10-10,Dual-Handle Calf Raise,4,80,21.625,22.0,1730.0,66.1,36.667,22.0,20,323014,2257064,
Hyrox B,2025-10-08,Aerobic Skiing (Straight Arms),1,0,0.0,0.0,0.0,118.2,0.0,0.0,0,321288,2248202,
Hyrox B,2025-10-08,Bodyweight Alternating Forward Lunges,1,0,0.0,0.0,0.0,118.2,0.0,0.0,0,321288,2248202,
Hyrox B,2025-10-08,Alternating Reverse Lunge,1,0,0.0,0.0,0.0,118.2,0.0,0.0,0,321288,2248202,
Hyrox B,2025-10-08,Dynamic Shoulder Circles,1,0,0.0,0.0,0.0,118.2,0.0,0.0,0,321288,2248202,
Hyrox B,2025-10-08,Rotator Cuff Stimulation,1,0,0.0,0.0,0.0,118.2,0.0,0.0,0,321288,2248202,
Hyrox B,2025-10-08,Dynamic Hamstring Stretch,1,0,0.0,0.0,0.0,118.2,0.0,0.0,0,321288,2248202,
Hyrox B,2025-10-08,Barbell Romanian Deadlift,4,24,87.542,91.0,2101.0,118.2,109.2,91.0,6,321288,2248202,
Hyrox B,2025-10-08,Bent-Over Barbell Wide Row,4,24,38.375,49.0,921.0,118.2,58.8,49.0,6,321288,2248202,
Hyrox B,2025-10-08,Barbell Front Squat,4,24,40.75,42.0,978.0,118.2,50.4,42.0,6,321288,2248202,
Hyrox B,2025-10-08,Standing Barbell Shoulder Press,4,24,20.0,20.0,480.0,118.2,24.0,20.0,6,321288,2248202,
Hyrox B,2025-10-08,Dumbbell power clean,3,0,0.0,0.0,0.0,118.2,0.0,0.0,0,321288,2248202,
Hyrox B,2025-10-08,Russian Twist,3,0,0.0,0.0,0.0,118.2,0.0,0.0,0,321288,2248202,
Hyrox A,2025-10-06,Aerobic Skiing (bent arms),1,0,0.0,0.0,0.0,89.6,0.0,0.0,0,319945,2241190,
Hyrox A,2025-10-06,Rolling Shrugs,2,0,0.0,0.0,0.0,89.6,0.0,0.0,0,319945,2241190,
Hyrox A,2025-10-06,Shoulder Stretch,2,0,0.0,0.0,0.0,89.6,0.0,0.0,0,319945,2241190,
Hyrox A,2025-10-06,Pulse Squat to Alternating Hip Abduction,2,0,0.0,0.0,0.0,89.6,0.0,0.0,0,319945,2241190,
Hyrox A,2025-10-06,Barbell Squat,4,24,70.0,74.0,1680.0,89.6,88.8,74.0,6,319945,2241190,
Hyrox A,2025-10-06,Barbell Romanian Deadlift,3,24,83.833,87.0,2012.0,89.6,110.2,87.0,8,319945,2241190,
Hyrox A,2025-10-06,Standing Barbell Shoulder Press,4,32,18.0,18.0,576.0,89.6,22.8,18.0,8,319945,2241190,
Hyrox A,2025-10-06,Kneeling Alternating Lat Pulldown,4,40,15.5,16.0,620.0,89.6,21.333,16.0,10,319945,2241190,
Hyrox A,2025-10-06,Dual-Handle Dead Bug,3,4,6.875,7.5,27.5,89.6,7.75,7.5,1,319945,2241190,
Hyrox C,2025-10-04,Straight-Arm Cross Swings,1,0,0.0,0.0,0.0,106.1,0.0,0.0,0,318881,2235012,
Hyrox C,2025-10-04,Power Knees,1,0,0.0,0.0,0.0,106.1,0.0,0.0,0,318881,2235012,
Hyrox C,2025-10-04,Lateral Bear Crawl,1,0,0.0,0.0,0.0,106.1,0.0,0.0,0,318881,2235012,
Hyrox C,2025-10-04,Running In Place,1,0,0.0,0.0,0.0,106.1,0.0,0.0,0,318881,2235012,
Hyrox C,2025-10-04,Barbell Deadlift,3,18,84.0,84.0,1512.0,106.1,100.8,84.0,6,318881,2235012,
Hyrox C,2025-10-04,Dumbbell step-up,3,0,0.0,0.0,0.0,106.1,0.0,0.0,0,318881,2235012,
Hyrox C,2025-10-04,Standing Barbell Reverse-Grip Shoulder Press,3,24,17.125,20.0,411.0,106.1,25.333,20.0,8,318881,2235012,
Hyrox C,2025-10-04,Barbell Overhead Squat,3,24,20.625,25.0,495.0,106.1,31.667,25.0,8,318881,2235012,
Hyrox C,2025-10-04,Dumbbell suitcase carry,6,0,0.0,0.0,0.0,106.1,0.0,0.0,0,318881,2235012,
Hyrox C,2025-10-04,Standing Barbell Calf Raise,3,60,32.6,35.0,1956.0,106.1,58.333,35.0,20,318881,2235012,
Hyrox B,2025-10-03,Aerobic Skiing (Straight Arms),1,0,0.0,0.0,0.0,116.9,0.0,0.0,0,318599,2233382,
Hyrox B,2025-10-03,Bodyweight Alternating Forward Lunges,1,0,0.0,0.0,0.0,116.9,0.0,0.0,0,318599,2233382,
Hyrox B,2025-10-03,Alternating Reverse Lunge,1,0,0.0,0.0,0.0,116.9,0.0,0.0,0,318599,2233382,
Hyrox B,2025-10-03,Dynamic Shoulder Circles,1,0,0.0,0.0,0.0,116.9,0.0,0.0,0,318599,2233382,
Hyrox B,2025-10-03,Rotator Cuff Stimulation,1,0,0.0,0.0,0.0,116.9,0.0,0.0,0,318599,2233382,
Hyrox B,2025-10-03,Dynamic Hamstring Stretch,1,0,0.0,0.0,0.0,116.9,0.0,0.0,0,318599,2233382,
Hyrox B,2025-10-03,Barbell Romanian Deadlift,4,24,89.5,90.0,2148.0,116.9,108.0,90.0,6,318599,2233382,
Hyrox B,2025-10-03,Bent-Over Barbell Wide Row,4,24,35.25,41.0,846.0,116.9,49.2,41.0,6,318599,2233382,
Hyrox B,2025-10-03,Barbell Front Squat,4,24,37.0,40.0,888.0,116.9,48.0,40.0,6,318599,2233382,
Hyrox B,2025-10-03,Standing Barbell Shoulder Press,4,24,20.375,23.0,489.0,116.9,27.6,23.0,6,318599,2233382,
Hyrox B,2025-10-03,Standing Barbell Upright Row,3,18,22.778,33.0,410.0,116.9,39.6,33.0,6,318599,2233382,
Hyrox B,2025-10-03,Russian Twist,3,0,0.0,0.0,0.0,116.9,0.0,0.0,0,318599,2233382,
Hyrox A,2025-09-29,Aerobic Skiing (bent arms),1,0,0.0,0.0,0.0,89.6,0.0,0.0,0,316245,2220367,
Hyrox A,2025-09-29,Rolling Shrugs,2,0,0.0,0.0,0.0,89.6,0.0,0.0,0,316245,2220367,
Hyrox A,2025-09-29,Shoulder Stretch,2,0,0.0,0.0,0.0,89.6,0.0,0.0,0,316245,2220367,
Hyrox A,2025-09-29,Pulse Squat to Alternating Hip Abduction,2,0,0.0,0.0,0.0,89.6,0.0,0.0,0,316245,2220367,
Hyrox A,2025-09-29,Barbell Squat,4,28,60.393,74.0,1691.0,89.6,88.8,74.0,6,316245,2220367,
Hyrox A,2025-09-29,Barbell Romanian Deadlift,3,24,89.0,90.0,2136.0,89.6,114.0,90.0,8,316245,2220367,
Hyrox A,2025-09-29,Kneeling Barbell Lat Pulldown,3,30,35.833,40.0,1075.0,89.6,53.333,40.0,10,316245,2220367,
Hyrox A,2025-09-29,Standing Barbell Shoulder Press,3,24,17.667,20.0,424.0,89.6,25.333,20.0,8,316245,2220367,
Hyrox A,2025-09-29,Plank with Hip Drop,3,0,0.0,0.0,0.0,89.6,0.0,0.0,0,316245,2220367,
Power #1,2025-09-26,Single-Arm Circles,1,0,0.0,0.0,0.0,,0.0,0.0,0,244793,2211104,
Power #1,2025-09-26,Dual Handle Alternating Bench Press,2,20,8.0,8.0,160.0,,10.667,8.0,10,244793,2211104,
Power #1,2025-09-26,Supine Dual-Handle Chest Fly,2,20,4.0,4.0,80.0,,5.333,4.0,10,244793,2211104,
Power #1,2025-09-26,Standing Dual-Handle Chest Press,2,20,5.0,5.0,100.0,,6.667,5.0,10,244793,2211104,
Power #1,2025-09-26,Standing Dual-Handle Chest Fly,2,20,3.5,3.5,70.0,,4.667,3.5,10,244793,2211104,
Power #1,2025-09-26,Left Chest Stretch,1,0,0.0,0.0,0.0,,0.0,0.0,0,244793,2211104,
Power #1,2025-09-26,Right Chest Stretch,1,0,0.0,0.0,0.0,,0.0,0.0,0,244793,2211104,
Base & Engine #1,2025-09-25,Plank to Deep Lunge,1,0,0.0,0.0,0.0,,0.0,0.0,0,244583,2208243,
Base & Engine #1,2025-09-25,Prone Lower Body Dynamic Warm-up,1,0,0.0,0.0,0.0,,0.0,0.0,0,244583,2208243,
Base & Engine #1,2025-09-25,Cable Side Step Squat (Left Leg）,2,19,10.0,10.0,190.0,,13.333,10.0,10,244583,2208243,
Base & Engine #1,2025-09-25,Cable Side Step Squat (Right Leg）,2,21,10.0,10.0,210.0,,13.667,10.0,11,244583,2208243,
Base & Engine #1,2025-09-25,Barbell Squat,4,48,48.75,55.0,2340.0,,75.0,50.0,15,244583,2208243,
Base & Engine #1,2025-09-25,Barbell Front Squat,3,30,19.333,25.0,580.0,,31.667,25.0,8,244583,2208243,
Base & Engine #1,2025-09-25,Alternating Reverse Lunge,3,0,0.0,0.0,0.0,,0.0,0.0,0,244583,2208243,
Base & Engine #1,2025-09-25,Barbell Romanian Deadlift,3,30,44.333,50.0,1330.0,,63.333,50.0,8,244583,2208243,
Base & Engine #1,2025-09-25,Bodyweight Romanian Deadlift,3,0,0.0,0.0,0.0,,0.0,0.0,0,244583,2208243,
Base & Engine #1,2025-09-25,Kneeling Hip Flexor Stretch (Left),1,0,0.0,0.0,0.0,,0.0,0.0,0,244583,2208243,
Base & Engine #1,2025-09-25,Kneeling Hip Flexor Stretch (Right),1,0,0.0,0.0,0.0,,0.0,0.0,0,244583,2208243,
Base & Engine #1,2025-09-25,Deep Side lunge (Left Leg),1,0,0.0,0.0,0.0,,0.0,0.0,0,244583,2208243,
Base & Engine #1,2025-09-25,Deep Side lunge (Right Leg),1,0,0.0,0.0,0.0,,0.0,0.0,0,244583,2208243,
Base & Engine #1,2025-09-25,Push-up Calf Stretch (Left),1,0,0.0,0.0,0.0,,0.0,0.0,0,244583,2208243,
Base & Engine #1,2025-09-25,Push-up Calf Stretch (Right),1,0,0.0,0.0,0.0,,0.0,0.0,0,244583,2208243,
250902 3A Bilat + pull,2025-09-22,Tabletop Thoracic Rotation,4,0,0.0,0.0,0.0,1.0,0.0,0.0,0,312100,2197759,
250902 3A Bilat + pull,2025-09-22,Belt Bulgarian Split Squat,8,96,25.0,25.0,2400.0,1.0,35.0,25.0,12,312100,2197759,
250902 3A Bilat + pull,2025-09-22,Belt Hip Thrust,4,48,74.0,77.0,3552.0,1.0,107.8,77.0,12,312100,2197759,
250902 3A Bilat + pull,2025-09-22,Barbell Bent Over Row,4,48,33.0,33.0,1584.0,1.0,46.2,33.0,12,312100,2197759,
250902 3A Bilat + pull,2025-09-22,Standing Barbell Biceps Curl,4,48,21.75,24.0,1044.0,1.0,33.6,24.0,12,312100,2197759,
250902 3A Bilat + pull,2025-09-22,Barbell Deadlift,4,48,70.0,70.0,3360.0,1.0,98.0,70.0,12,312100,2197759,
250902 3A Bilat + pull,2025-09-22,Dual-Handle Dead Bug,4,3,10.0,10.0,30.0,1.0,11.0,10.0,3,312100,2197759,
Free Lift,2025-09-19,,,,,,,,,,,949580,2188941,Empty detail for training_id=949580 (attempt 3)
Ground Position Arms Supersets ,2025-09-14,Star Jumps,1,0,0.0,0.0,0.0,37.3,0.0,0.0,0,626394,2128316,
Ground Position Arms Supersets ,2025-09-14,Punch With Speed,1,0,0.0,0.0,0.0,37.3,0.0,0.0,0,626394,2128316,
Ground Position Arms Supersets ,2025-09-14,Barbell Narrow Grip Bench Press,4,40,21.85,25.0,874.0,37.3,33.333,25.0,10,626394,2128316,
Ground Position Arms Supersets ,2025-09-14,Standing Barbell Biceps Curl,4,40,24.0,25.0,960.0,37.3,33.333,25.0,10,626394,2128316,
Ground Position Arms Supersets ,2025-09-14,Dual-Handle Alternating Biceps Curl,4,48,11.833,14.0,568.0,37.3,19.6,14.0,12,626394,2128316,
Ground Position Arms Supersets ,2025-09-14,Bent-Over Dual-Handle Triceps Extension（Floor）,4,48,7.0,7.0,336.0,37.3,9.8,7.0,12,626394,2128316,
Ground Position Arms Supersets ,2025-09-14,Biceps Stretch,2,0,0.0,0.0,0.0,37.3,0.0,0.0,0,626394,2128316,
Ground Position Arms Supersets ,2025-09-14,Half-Kneeling Overhead Triceps Stretch,2,0,0.0,0.0,0.0,37.3,0.0,0.0,0,626394,2128316,
250901 3C Unilat + Pull,2025-09-07,Kneeling Thoracic Rotation,4,0,0.0,0.0,0.0,14.7,0.0,0.0,0,296437,2098838,
250901 3C Unilat + Pull,2025-09-07,Cable Side Lunge,8,96,8.625,12.0,828.0,14.7,16.8,12.0,12,296437,2098838,
250901 3C Unilat + Pull,2025-09-07,Standing Dual-Handle Shrug,4,48,22.75,26.0,1092.0,14.7,36.4,26.0,12,296437,2098838,
250901 3C Unilat + Pull,2025-09-07,Pallof Press to Woodchops,8,96,10.026,11.0,962.5,14.7,15.4,11.0,12,296437,2098838,
250901 3C Unilat + Pull,2025-09-07,Seated Dual-Handle Underhand Row,4,48,14.5,17.0,696.0,14.7,23.8,17.0,12,296437,2098838,
250901 3C Unilat + Pull,2025-09-07,Jumping Lunges To Squat,4,0,0.0,0.0,0.0,14.7,0.0,0.0,0,296437,2098838,
Free Lift,2025-09-07,,,,,,,,,,,910975,2098712,Empty detail for training_id=910975 (attempt 3)
30 Minutes HIIT Rowing Workout,2025-09-07,,,,,,,,,,,617984,2098684,Empty detail for training_id=617984 (attempt 3)
250901 3B Posterior + Push,2025-09-03,Seated 90/90 Stretch,2,0,0.0,0.0,0.0,21.0,0.0,0.0,0,294781,2088949,
250901 3B Posterior + Push,2025-09-03,Dual-Handle Overhead Squat,4,48,13.0,13.0,624.0,21.0,18.2,13.0,12,294781,2088949,
250901 3B Posterior + Push,2025-09-03,Single-Arm Romanian Deadlift,8,96,31.0,31.0,2976.0,21.0,43.4,31.0,12,294781,2088949,
250901 3B Posterior + Push,2025-09-03,Dual-Handle Calf Raise,4,48,17.938,22.0,861.0,21.0,30.8,22.0,12,294781,2088949,
250901 3B Posterior + Push,2025-09-03,Dual-Handle Triceps Bench Press,4,48,14.062,15.0,675.0,21.0,21.0,15.0,12,294781,2088949,
250901 3B Posterior + Push,2025-09-03,Seated Single-Leg Abduction,8,96,7.438,9.5,714.0,21.0,13.3,9.5,12,294781,2088949,
250901 3B Posterior + Push,2025-09-03,Alternating Hand to Elbow Plank,4,0,0.0,0.0,0.0,21.0,0.0,0.0,0,294781,2088949,
250901 3A Bilat + pull,2025-09-01,Tabletop Thoracic Rotation,4,0,0.0,0.0,0.0,59.7,0.0,0.0,0,293360,2081186,
250901 3A Bilat + pull,2025-09-01,Barbell Squat,4,48,39.0,39.0,1872.0,59.7,54.6,39.0,12,293360,2081186,
250901 3A Bilat + pull,2025-09-01,Barbell Bent Over Row,4,48,30.5,33.0,1464.0,59.7,46.2,33.0,12,293360,2081186,
250901 3A Bilat + pull,2025-09-01,Barbell Hip Thrust,4,48,59.0,59.0,2832.0,59.7,82.6,59.0,12,293360,2081186,
250901 3A Bilat + pull,2025-09-01,Standing Barbell Biceps Curl,4,48,20.75,24.0,996.0,59.7,33.6,24.0,12,293360,2081186,
250901 3A Bilat + pull,2025-09-01,Barbell Deadlift,4,48,66.75,78.0,3204.0,59.7,109.2,78.0,12,293360,2081186,
250901 3A Bilat + pull,2025-09-01,Straight Arm Barbell Crunch (Floor),4,48,8.5,9.0,408.0,59.7,12.6,9.0,12,293360,2081186,
GM B,2025-08-29,Seated 90/90 Stretch,2,0,0.0,0.0,0.0,59.7,0.0,0.0,0,291954,2073410,
GM B,2025-08-29,Barbell Squat,3,24,46.75,55.0,1122.0,59.7,69.667,55.0,8,291954,2073410,
GM B,2025-08-29,Standing Dual-Handle Chest Fly,3,30,8.1,12.0,243.0,59.7,16.0,12.0,10,291954,2073410,
GM B,2025-08-29,Standing Dual-Handle Row,3,36,13.139,18.0,473.0,59.7,25.2,18.0,12,291954,2073410,
GM B,2025-08-29,Standing Single-Leg Extension,6,60,8.65,9.0,519.0,59.7,12.0,9.0,10,291954,2073410,
GM B,2025-08-29,Bench Lying Leg Raise,3,0,0.0,0.0,0.0,59.7,0.0,0.0,0,291954,2073410,
GM B,2025-08-29,Standing Dual-Handle Biceps Curl,3,36,12.0,12.0,432.0,59.7,16.8,12.0,12,291954,2073410,
GM B,2025-08-29,Bent Over Tricep Rope Overhead Triceps Extension（L0）,3,36,11.667,13.0,420.0,59.7,18.2,13.0,12,291954,2073410,
Rowing Warm-Up,2025-08-29,Aerobic Rowing,10,0,0.0,0.0,0.0,,0.0,0.0,0,610875,2073241,
Free Lift,2025-08-27,,,,,,,,,,,898826,2067808,Empty detail for training_id=898826 (attempt 3)
Free Lift,2025-08-27,,,,,,,,,,,898263,2066420,Empty detail for training_id=898263 (attempt 3)
GM A,2025-08-27,Tabletop Thoracic Rotation,4,0,0.0,0.0,0.0,1.0,0.0,0.0,0,290588,2066270,
GM A,2025-08-27,Barbell Bulgarian Split Squat,6,60,25.0,25.0,1500.0,1.0,33.333,25.0,10,290588,2066270,
GM A,2025-08-27,Barbell Bench Press,3,24,33.125,34.0,795.0,1.0,43.067,34.0,8,290588,2066270,
GM A,2025-08-27,Barbell Deadlift,3,30,78.067,80.0,2342.0,1.0,106.667,80.0,10,290588,2066270,
GM A,2025-08-27,Plank with Hip Drop,3,0,0.0,0.0,0.0,1.0,0.0,0.0,0,290588,2066270,
GM A,2025-08-27,Pallof Press,6,60,12.133,13.0,728.0,1.0,17.333,13.0,10,290588,2066270,
GM A,2025-08-27,Standing Cable Hip Abduction（Main Frame）,6,72,9.5,11.0,684.0,1.0,15.4,11.0,12,290588,2066270,
Free Lift,2025-08-27,,,,,,,,,,,898138,2066139,Empty detail for training_id=898138 (attempt 3)
Free Lift,2025-08-27,,,,,,,,,,,897975,2065763,Empty detail for training_id=897975 (attempt 3)
